-0.000000,0.000000,0,-0.000000,-0.000000,0.000000,-0.000000,-0.000000,0.000000,-0.000087,-0.000003,-0.000003,0.000000
-0.000000,-0.000000,7,0.000000,0.000000,0.000000,-0.000000,-0.000000,0.000000,-0.000087,-0.000003,-0.000003,0.003917
-0.000000,-0.000000,7,0.000008,0.000003,0.000004,-0.000000,-0.000000,0.000000,-0.000087,-0.000003,-0.000003,0.003810
-0.000000,-0.000000,7,0.000014,0.000010,0.000007,-0.000000,-0.000000,0.000000,-0.000087,-0.000003,-0.000003,0.003869
-0.000000,-0.000000,7,-0.000007,0.000024,0.000010,-0.000000,-0.000000,0.000000,-0.000087,-0.000003,-0.000003,0.003799
-0.000000,-0.000000,7,-0.000005,0.000026,0.000019,-0.000000,-0.000000,0.000000,-0.000087,-0.000003,-0.000003,0.003842
-0.000000,-0.000000,7,-0.000012,0.000009,0.000023,-0.000000,-0.000000,0.000000,-0.000087,-0.000003,-0.000003,0.003800
-0.000000,-0.000000,7,-0.000044,0.000008,0.000027,-0.000000,-0.000000,0.000000,-0.000087,-0.000003,-0.000003,0.003856
-0.000000,-0.000000,7,-0.000102,0.000040,0.000024,-0.000000,-0.000000,0.000000,-0.000087,-0.000003,-0.000003,0.003872
-0.000000,-0.000000,7,-0.000112,0.000054,0.000018,-0.000000,-0.000000,0.000000,-0.000087,-0.000003,-0.000003,0.003893
-0.000000,-0.000000,7,-0.000048,0.000015,0.000032,-0.000000,-0.000000,0.000000,-0.000087,-0.000003,-0.000003,0.003677
-0.000000,-0.000000,7,-0.000012,-0.000010,0.000043,-0.000000,-0.000000,0.000000,-0.000087,-0.000003,-0.000003,0.003849
-0.000000,-0.000000,7,-0.000112,-0.000009,0.000034,-0.000000,-0.000000,0.000000,-0.000087,-0.000003,-0.000003,0.003783
-0.000000,-0.000000,7,-0.000106,-0.000055,0.000047,-0.000000,-0.000000,0.000000,-0.000087,-0.000003,-0.000003,0.003780
-0.000000,-0.000000,7,-0.000102,-0.000035,0.000048,-0.000000,-0.000000,0.000000,-0.000087,-0.000003,-0.000003,0.003840
-0.000000,-0.000000,7,-0.000156,-0.000076,0.000046,-0.000000,-0.000000,0.000000,-0.000087,-0.000003,-0.000003,0.003742
-0.000000,-0.000000,7,-0.000165,-0.000054,0.000062,-0.000000,-0.000000,0.000000,-0.000087,-0.000003,-0.000003,0.003719
-0.000000,-0.000000,7,-0.000033,-0.000096,0.000087,-0.000000,-0.000000,0.000000,-0.000087,-0.000003,-0.000003,0.003687
-0.000000,-0.000000,7,-0.000073,-0.000073,0.000120,-0.000000,-0.000000,0.000000,-0.000087,-0.000003,-0.000003,0.003705
-0.000000,-0.000000,7,-0.000144,0.000010,0.000139,-0.000000,-0.000000,0.000000,-0.000087,-0.000003,-0.000003,0.003738
-0.000000,-0.000000,7,-0.000189,0.000070,0.000153,-0.000000,-0.000000,0.000000,-0.000087,-0.000003,-0.000003,0.003864
-0.000000,-0.000000,7,-0.000120,0.000165,0.000149,-0.000000,-0.000000,0.000000,-0.000087,-0.000003,-0.000003,0.003847
-0.000000,-0.000000,7,-0.000023,0.000107,0.000157,-0.000000,-0.000000,0.000000,-0.000087,-0.000003,-0.000003,0.003817
-0.000000,-0.000000,7,-0.000143,0.000146,0.000150,-0.000000,-0.000000,0.000000,-0.000087,-0.000003,-0.000003,0.003912
-0.000000,-0.000000,7,-0.000093,0.000078,0.000160,-0.000000,-0.000000,0.000000,-0.000087,-0.000003,-0.000003,0.003861
-0.000000,-0.000000,7,0.000060,-0.000006,0.000206,-0.000000,-0.000000,0.000000,-0.000087,-0.000003,-0.000003,0.003733
-0.000000,-0.000000,7,0.000058,0.000048,0.000215,-0.000000,-0.000000,0.000000,-0.000087,-0.000003,-0.000003,0.003710
-0.000000,-0.000000,7,0.000045,0.000150,0.000218,-0.000000,-0.000000,0.000000,-0.000087,-0.000003,-0.000003,0.003868
-0.000000,-0.000000,7,0.000071,0.000148,0.000196,-0.000000,-0.000000,0.000000,-0.000087,-0.000003,-0.000003,0.003901
-0.000000,-0.000000,7,0.000103,0.000163,0.000206,-0.000000,-0.000000,0.000000,-0.000087,-0.000003,-0.000003,0.003743
-0.000000,-0.000000,7,0.000236,0.000138,0.000257,-0.000000,-0.000000,0.000000,-0.000087,-0.000003,-0.000003,0.003848
-0.000000,-0.000000,7,0.000147,0.000179,0.000292,-0.000000,-0.000000,0.000000,-0.000087,-0.000003,-0.000003,0.003758
-0.000000,-0.000000,7,-0.000056,0.000214,0.000269,-0.000000,-0.000000,0.000000,-0.000087,-0.000003,-0.000003,0.003923
-0.000000,-0.000000,7,0.000013,0.000246,0.000268,-0.000000,-0.000000,0.000000,-0.000087,-0.000003,-0.000003,0.003810
-0.000000,-0.000000,7,0.000043,0.000165,0.000240,-0.000000,-0.000000,0.000000,-0.000087,-0.000003,-0.000003,0.003886
-0.000000,-0.000000,7,0.000149,0.000233,0.000248,-0.000000,-0.000000,0.000000,-0.000087,-0.000003,-0.000003,0.003813
-0.000000,-0.000000,7,0.000190,0.000092,0.000266,-0.000000,-0.000000,0.000000,-0.000087,-0.000003,-0.000003,0.003789
-0.000000,-0.000000,7,0.000332,0.000082,0.000272,-0.000000,-0.000000,0.000000,-0.000087,-0.000003,-0.000003,0.003890
-0.000000,-0.000000,7,-0.000070,0.000173,0.000198,-0.000000,-0.000000,0.000000,-0.000087,-0.000003,-0.000003,0.003889
-0.000000,-0.000000,7,-0.000111,0.000103,0.000193,-0.000000,-0.000000,0.000000,-0.000087,-0.000003,-0.000003,0.003755
-0.000000,-0.000000,7,-0.000088,-0.000002,0.000213,-0.000000,-0.000000,0.000000,-0.000087,-0.000003,-0.000003,0.003728
-0.000000,-0.000000,7,-0.000123,0.000030,0.000204,-0.000000,-0.000000,0.000000,-0.000087,-0.000003,-0.000003,0.003753
-0.000000,-0.000000,7,0.000035,0.000033,0.000206,-0.000000,-0.000000,0.000000,-0.000087,-0.000003,-0.000003,0.003892
-0.000000,-0.000000,7,-0.000005,0.000084,0.000214,-0.000000,-0.000000,0.000000,-0.000087,-0.000003,-0.000003,0.003859
-0.000000,-0.000000,7,0.000011,0.000098,0.000183,-0.000000,-0.000000,0.000000,-0.000087,-0.000003,-0.000003,0.003873
-0.000000,-0.000000,7,-0.000155,0.000188,0.000150,-0.000000,-0.000000,0.000000,-0.000087,-0.000003,-0.000003,0.003825
-0.000000,-0.000000,7,-0.000161,0.000101,0.000136,-0.000000,-0.000000,0.000000,-0.000087,-0.000003,-0.000003,0.003854
-0.000000,-0.000000,7,-0.000076,0.000068,0.000145,-0.000000,-0.000000,0.000000,-0.000087,-0.000003,-0.000003,0.003784
-0.000000,-0.000000,7,-0.000146,0.000092,0.000155,-0.000000,-0.000000,0.000000,-0.000087,-0.000003,-0.000003,0.003936
-0.000000,-0.000000,7,-0.000190,0.000041,0.000150,-0.000000,-0.000000,0.000000,-0.000087,-0.000003,-0.000003,0.003837
-0.000000,-0.000000,7,-0.000355,0.000002,0.000104,-0.000000,-0.000000,0.000000,-0.000087,-0.000003,-0.000003,0.003886
-0.000000,-0.000000,7,-0.000345,-0.000018,0.000132,-0.000000,-0.000000,0.000000,-0.000087,-0.000003,-0.000003,0.003745
-0.000000,-0.000000,7,-0.000346,0.000025,0.000175,-0.000000,-0.000000,0.000000,-0.000087,-0.000003,-0.000003,0.003754
-0.000000,-0.000000,7,-0.000483,0.000062,0.000134,-0.000000,-0.000000,0.000000,-0.000087,-0.000003,-0.000003,0.003900
-0.000000,0.016500,7,0.000235,0.000067,0.001956,-0.000000,-0.000000,0.001650,-0.000087,-0.000003,0.000081,0.004133
0.000000,0.066500,7,-0.000151,0.001096,0.008818,-0.000000,0.000000,0.008300,-0.000124,-0.000004,0.005094,0.005971
0.000000,0.099010,7,0.000017,0.000699,0.019401,-0.000000,0.000000,0.018300,-0.000190,-0.000006,0.014901,0.004857
0.000000,0.101010,7,0.000026,0.000803,0.030153,-0.000000,0.000000,0.028300,-0.000280,-0.000009,0.024867,0.005019
-0.000000,0.100000,7,0.000457,0.000410,0.040649,-0.000000,0.000000,0.038300,-0.000369,-0.000012,0.034832,0.005605
-0.000000,0.100000,7,0.000378,-0.000031,0.051078,-0.000000,-0.000000,0.048300,-0.000458,-0.000017,0.044797,0.005312
-0.000000,0.100000,7,0.000679,-0.000118,0.061655,-0.000000,-0.000000,0.058300,-0.000548,-0.000023,0.054762,0.004338
-0.000000,0.100000,7,0.001128,0.000655,0.072053,-0.000000,-0.000000,0.068300,-0.000637,-0.000029,0.064727,0.005163
-0.000000,0.100000,7,0.000296,0.001444,0.082307,-0.000000,-0.000000,0.078300,-0.000726,-0.000037,0.074693,0.005072
-0.000000,0.100000,7,0.000749,0.000627,0.092752,-0.000000,-0.000000,0.088300,-0.000815,-0.000045,0.084658,0.004103
-0.000000,0.099010,7,0.000914,0.000607,0.103145,-0.000000,-0.000000,0.098300,-0.000904,-0.000054,0.094623,0.004802
-0.000000,0.101010,7,0.001036,0.000478,0.113417,-0.000000,-0.000000,0.108300,-0.000993,-0.000064,0.104588,0.005103
-0.000000,0.100000,7,0.001046,0.000130,0.123747,-0.000000,-0.000000,0.118300,-0.001082,-0.000075,0.114553,0.004866
-0.000001,0.100000,7,0.000599,0.000072,0.134115,-0.000000,-0.000000,0.128300,-0.001170,-0.000087,0.124518,0.004157
-0.000001,0.099010,7,0.000398,-0.000688,0.144596,-0.000000,-0.000000,0.138300,-0.001259,-0.000100,0.134483,0.005004
-0.000001,0.099010,7,-0.000217,-0.000325,0.154709,-0.000000,-0.000000,0.148300,-0.001347,-0.000113,0.144448,0.005420
-0.000001,0.097087,7,-0.000537,-0.000341,0.164903,-0.000000,-0.000000,0.158300,-0.001436,-0.000128,0.154413,0.004280
-0.000001,0.116279,7,-0.000728,-0.000887,0.175211,-0.000001,-0.000000,0.168300,-0.001524,-0.000143,0.164378,0.004773
-0.000001,0.116279,7,-0.000140,-0.000878,0.185445,-0.000001,-0.000000,0.178300,-0.001612,-0.000159,0.174343,0.004985
-0.000001,0.098039,7,-0.000433,-0.000718,0.195528,-0.000001,-0.000000,0.188300,-0.001700,-0.000176,0.184308,0.004816
-0.000001,0.104167,7,-0.000525,-0.000870,0.205692,-0.000001,-0.000000,0.198300,-0.001788,-0.000194,0.194273,0.004041
-0.000001,0.112360,7,-0.000388,-0.001104,0.216121,-0.000001,-0.000000,0.208300,-0.001875,-0.000213,0.204238,0.005627
-0.000001,0.102041,7,-0.000053,-0.001231,0.226228,-0.000001,-0.000000,0.218300,-0.001963,-0.000233,0.214204,0.005479
-0.000001,0.123457,7,0.000581,-0.000764,0.236312,-0.000001,-0.000000,0.228300,-0.002050,-0.000253,0.224169,0.004401
-0.000001,0.126582,7,0.000754,-0.001389,0.246668,-0.000001,-0.000000,0.238300,-0.002137,-0.000275,0.234134,0.004566
-0.000000,0.056180,7,0.000918,-0.000917,0.256724,-0.000001,-0.000000,0.248300,-0.002224,-0.000297,0.244099,0.005471
-0.000001,0.100000,7,0.001347,-0.000534,0.266685,-0.000001,-0.000000,0.258300,-0.002310,-0.000320,0.254064,0.004894
-0.000001,0.099999,7,0.000984,-0.000955,0.276853,-0.000002,-0.000000,0.268300,-0.002396,-0.000344,0.264028,0.004495
-0.000001,0.099998,7,0.000968,-0.001859,0.287124,-0.000002,-0.000000,0.278300,-0.002476,-0.000367,0.273950,0.004577
-0.000000,0.099999,7,0.000677,-0.001551,0.297172,-0.000002,-0.000000,0.288300,-0.002539,-0.000386,0.283759,0.005477
-0.000000,0.099999,7,0.000661,-0.001532,0.307231,-0.000002,-0.000000,0.298299,-0.002576,-0.000398,0.293392,0.004078
-0.000000,0.099999,7,0.000658,-0.002681,0.317343,-0.000002,-0.000000,0.308299,-0.002588,-0.000403,0.302855,0.004517
-0.000000,0.099999,7,0.000675,-0.002714,0.327289,-0.000002,-0.000000,0.318299,-0.002597,-0.000407,0.312307,0.005599
-0.000000,0.100000,7,0.000537,-0.002586,0.337194,-0.000002,-0.000000,0.328299,-0.002605,-0.000411,0.321745,0.004489
-0.000000,0.099010,7,0.000759,-0.003607,0.347195,-0.000002,-0.000000,0.338299,-0.002613,-0.000415,0.331156,0.004824
0.000000,0.101010,7,0.002176,-0.004380,0.357143,-0.000002,-0.000000,0.348299,-0.002634,-0.000424,0.340630,0.006222
0.000000,0.099010,7,0.002376,-0.004408,0.366974,-0.000002,-0.000000,0.358299,-0.002655,-0.000433,0.350050,0.004724
-0.000000,0.101010,7,0.002362,-0.004954,0.376856,-0.000002,-0.000000,0.368299,-0.002695,-0.000420,0.359031,0.005621
-0.000000,0.100000,7,0.002927,-0.006279,0.386645,-0.000002,-0.000000,0.378299,-0.002731,-0.000411,0.367082,0.006208
0.000000,0.100000,7,0.002731,-0.005986,0.396415,-0.000002,-0.000000,0.388299,-0.002733,-0.000412,0.377078,0.005854
0.000000,0.100000,7,0.002610,-0.006133,0.406215,-0.000002,-0.000000,0.398299,-0.002776,-0.000430,0.386694,0.005694
0.000000,0.100000,7,0.003087,-0.007214,0.415989,-0.000002,-0.000000,0.408299,-0.002792,-0.000437,0.396237,0.006231
0.000000,0.116500,7,0.002942,-0.007030,0.427376,-0.000002,-0.000000,0.419949,-0.002796,-0.000440,0.405686,0.004994
0.000000,0.164852,7,0.002690,-0.006305,0.444053,-0.000002,-0.000000,0.436599,-0.002835,-0.000458,0.419923,0.004920
0.000000,0.200000,7,0.001837,-0.006274,0.464359,-0.000002,-0.000000,0.456599,-0.002896,-0.000488,0.438987,0.005130
0.000000,0.202020,7,0.002038,-0.006635,0.484649,-0.000002,-0.000000,0.476599,-0.002986,-0.000533,0.458390,0.004099
0.000000,0.198020,7,0.002860,-0.006240,0.504856,-0.000002,-0.000000,0.496599,-0.003107,-0.000597,0.478051,0.005512
-0.000000,0.202020,7,0.001724,-0.006645,0.524951,-0.000002,-0.000000,0.516599,-0.003259,-0.000680,0.497943,0.004645
-0.000000,0.200000,7,0.001820,-0.005886,0.545085,-0.000002,-0.000000,0.536599,-0.003411,-0.000768,0.517850,0.004673
-0.000000,0.200000,7,0.001317,-0.006087,0.565264,-0.000002,-0.000000,0.556599,-0.003562,-0.000858,0.537764,0.005084
-0.000000,0.200000,7,0.001792,-0.005796,0.585272,-0.000002,-0.000000,0.576599,-0.003712,-0.000952,0.557683,0.004987
-0.000000,0.200000,7,0.002366,-0.006289,0.605621,-0.000002,-0.000000,0.596599,-0.003861,-0.001050,0.577605,0.005190
-0.000000,0.200000,7,0.001726,-0.005992,0.625620,-0.000002,-0.000000,0.616599,-0.004008,-0.001151,0.597531,0.004343
-0.000000,0.200000,7,0.002013,-0.004989,0.645536,-0.000002,-0.000000,0.636599,-0.004153,-0.001254,0.617461,0.005324
-0.000000,0.200000,7,0.001271,-0.004884,0.665696,-0.000002,-0.000000,0.656599,-0.004296,-0.001361,0.637391,0.005191
-0.000000,0.200000,7,0.000713,-0.005241,0.685626,-0.000002,-0.000000,0.676599,-0.004438,-0.001471,0.657322,0.004258
-0.000000,0.198020,7,0.001518,-0.005175,0.705896,-0.000002,-0.000000,0.696599,-0.004577,-0.001584,0.677253,0.005562
-0.000000,0.202020,7,0.001176,-0.004976,0.725911,-0.000002,-0.000000,0.716599,-0.004714,-0.001699,0.697183,0.004604
0.000000,0.200000,7,0.000549,-0.005836,0.745919,-0.000002,-0.000000,0.736599,-0.004848,-0.001817,0.717114,0.005101
0.000000,0.198020,7,0.000240,-0.005540,0.766142,-0.000002,-0.000000,0.756599,-0.004980,-0.001937,0.737045,0.005416
0.000000,0.200000,7,-0.000175,-0.005697,0.786032,-0.000002,-0.000000,0.776599,-0.005110,-0.002061,0.756975,0.004543
-0.000000,0.202020,7,-0.000051,-0.006003,0.806082,-0.000002,-0.000000,0.796599,-0.005237,-0.002186,0.776905,0.005794
-0.000000,0.200000,7,-0.000278,-0.005781,0.826159,-0.000002,-0.000000,0.816599,-0.005361,-0.002315,0.796836,0.004572
-0.000000,0.200000,7,-0.000896,-0.006158,0.846096,-0.000002,-0.000000,0.836599,-0.005483,-0.002445,0.816766,0.005800
-0.000000,0.198020,7,-0.000202,-0.004808,0.866107,-0.000002,-0.000000,0.856599,-0.005603,-0.002579,0.836696,0.005281
-0.000001,0.202020,7,-0.000593,-0.005350,0.886169,-0.000002,-0.000000,0.876599,-0.005720,-0.002714,0.856626,0.005086
-0.000001,0.198020,7,-0.000414,-0.006384,0.906109,-0.000002,-0.000001,0.896599,-0.005834,-0.002852,0.876556,0.005479
-0.000001,0.202020,7,-0.000751,-0.005197,0.926094,-0.000002,-0.000001,0.916599,-0.005945,-0.002992,0.896486,0.005330
-0.000001,0.198020,7,-0.001506,-0.005730,0.946093,-0.000002,-0.000001,0.936599,-0.006054,-0.003134,0.916417,0.004699
-0.000001,0.202020,7,-0.002033,-0.005324,0.965996,-0.000002,-0.000001,0.956599,-0.006159,-0.003278,0.936347,0.005238
-0.000001,0.200000,7,-0.002030,-0.005353,0.986092,-0.000002,-0.000001,0.976599,-0.006262,-0.003424,0.956277,0.005134
-0.000000,0.199998,7,-0.001251,-0.006629,1.006124,-0.000002,-0.000001,0.996599,-0.006358,-0.003566,0.976156,0.004963
-0.000000,0.199999,7,-0.001603,-0.005863,1.026169,-0.000002,-0.000001,1.016599,-0.006435,-0.003686,0.995847,0.005461
-0.000000,0.199999,7,-0.001809,-0.005681,1.046062,-0.000002,-0.000001,1.036599,-0.006483,-0.003766,1.015219,0.005569
-0.000000,0.200000,7,-0.001333,-0.007061,1.065901,-0.000002,-0.000001,1.056599,-0.006496,-0.003791,1.034167,0.007152
-0.000000,0.216500,7,-0.001659,-0.006812,1.087294,-0.000002,-0.000001,1.078249,-0.006491,-0.003788,1.052883,0.005959
-0.000000,0.266500,7,-0.001872,-0.006542,1.113543,-0.000002,-0.000001,1.104899,-0.006471,-0.003755,1.071919,0.006734
-0.000000,0.300000,7,-0.001865,-0.005843,1.143224,-0.000002,-0.000001,1.134899,-0.006409,-0.003624,1.093787,0.006762
0.000000,0.300000,7,-0.002559,-0.005767,1.172822,-0.000002,-0.000001,1.164899,-0.006390,-0.003593,1.122496,0.006872
0.000000,0.300000,7,-0.003349,-0.005414,1.202317,-0.000002,-0.000001,1.194899,-0.006393,-0.003606,1.150723,0.007377
0.000000,0.300000,7,-0.003779,-0.005656,1.231703,-0.000002,-0.000001,1.224899,-0.006392,-0.003609,1.178886,0.008157
0.000000,0.300000,7,-0.003995,-0.006158,1.261027,-0.000002,-0.000001,1.254899,-0.006397,-0.003632,1.207179,0.008461
-0.000000,0.300000,7,-0.004535,-0.006402,1.290325,-0.000002,-0.000001,1.284899,-0.006417,-0.003694,1.235747,0.008597
-0.000000,0.300000,7,-0.004596,-0.006480,1.319592,-0.000002,-0.000001,1.314899,-0.006453,-0.003816,1.264716,0.008230
0.000000,0.300000,7,-0.004992,-0.006501,1.348845,-0.000002,-0.000001,1.344899,-0.006509,-0.004012,1.294193,0.008271
-0.000000,0.300000,7,-0.005396,-0.006824,1.378139,-0.000002,-0.000001,1.374899,-0.006574,-0.004270,1.324073,0.008020
-0.000000,0.300000,7,-0.005720,-0.006566,1.407473,-0.000002,-0.000001,1.404899,-0.006632,-0.004532,1.353969,0.008531
-0.000000,0.300000,7,-0.006017,-0.006623,1.436818,-0.000002,-0.000001,1.434899,-0.006683,-0.004796,1.383865,0.008132
0.000000,0.300000,7,-0.005343,-0.006856,1.466340,-0.000002,-0.000001,1.464899,-0.006725,-0.005060,1.413761,0.007850
0.000000,0.297030,7,-0.003903,-0.007514,1.495925,-0.000002,-0.000001,1.494899,-0.006760,-0.005326,1.443656,0.007888
-0.000000,0.300000,7,-0.002662,-0.007861,1.525519,-0.000002,-0.000001,1.524899,-0.006786,-0.005593,1.473552,0.007088
-0.000000,0.303030,7,-0.001712,-0.008167,1.555058,-0.000002,-0.000001,1.554899,-0.006805,-0.005861,1.503448,0.007113
-0.000001,0.300000,7,-0.000859,-0.008864,1.584548,-0.000002,-0.000001,1.584899,-0.006815,-0.006129,1.533344,0.007140
-0.000001,0.300000,7,0.000334,-0.009942,1.614174,-0.000002,-0.000001,1.614899,-0.006818,-0.006397,1.563239,0.007785
-0.000001,0.297030,7,0.001260,-0.011189,1.643798,-0.000002,-0.000001,1.644899,-0.006813,-0.006665,1.593135,0.006994
-0.000001,0.303030,7,0.000633,-0.011436,1.673382,-0.000002,-0.000001,1.674899,-0.006800,-0.006933,1.623030,0.006371
-0.000001,0.299998,7,0.000260,-0.011667,1.702977,-0.000002,-0.000001,1.704899,-0.006779,-0.007198,1.652912,0.006336
-0.000000,0.299998,7,-0.000165,-0.011625,1.732533,-0.000002,-0.000001,1.734899,-0.006752,-0.007439,1.682637,0.007516
-0.000000,0.313366,7,-0.000456,-0.011307,1.763708,-0.000002,-0.000001,1.766548,-0.006725,-0.007627,1.712031,0.005884
-0.000000,0.370202,7,-0.001694,-0.011226,1.800178,-0.000002,-0.000001,1.803198,-0.006716,-0.007664,1.745696,0.006048
-0.000000,0.400000,7,-0.002015,-0.010860,1.839950,-0.000002,-0.000001,1.843198,-0.006724,-0.007592,1.779867,0.005536
-0.000000,0.400000,7,-0.002194,-0.010604,1.879555,-0.000002,-0.000001,1.883198,-0.006733,-0.007540,1.817667,0.006836
0.000000,0.400000,7,-0.002021,-0.010784,1.919094,-0.000002,-0.000001,1.923199,-0.006723,-0.007562,1.855322,0.006574
0.000000,0.400000,7,-0.001133,-0.011371,1.958617,-0.000002,-0.000001,1.963199,-0.006720,-0.007560,1.892839,0.007695
0.000000,0.400000,7,-0.001208,-0.011151,1.997795,-0.000002,-0.000001,2.003199,-0.006705,-0.007589,1.930570,0.008641
0.000000,0.400000,7,-0.001684,-0.011563,2.037201,-0.000002,-0.000001,2.043199,-0.006658,-0.007696,1.968856,0.007941
-0.000000,0.400000,7,-0.000431,-0.011905,2.076507,-0.000002,-0.000001,2.083199,-0.006562,-0.007899,2.007842,0.008493
-0.000000,0.400000,7,-0.000132,-0.011718,2.115881,-0.000002,-0.000001,2.123198,-0.006410,-0.008198,2.047563,0.007847
-0.000000,0.396039,7,0.000240,-0.011816,2.155355,-0.000002,-0.000001,2.163198,-0.006235,-0.008511,2.087424,0.007521
0.000000,0.404040,7,0.000680,-0.013250,2.194865,-0.000002,-0.000001,2.203198,-0.006048,-0.008816,2.127285,0.008309
-0.000000,0.400000,7,0.001481,-0.013517,2.234220,-0.000002,-0.000001,2.243198,-0.005850,-0.009113,2.167146,0.008198
-0.000000,0.400000,7,0.001495,-0.013285,2.273646,-0.000002,-0.000001,2.283198,-0.005639,-0.009402,2.207008,0.007200
-0.000000,0.400000,7,0.001630,-0.013510,2.313253,-0.000002,-0.000001,2.323198,-0.005417,-0.009683,2.246869,0.006958
-0.000001,0.400000,7,0.002716,-0.014560,2.352770,-0.000002,-0.000001,2.363198,-0.005185,-0.009954,2.286730,0.008146
-0.000001,0.396040,7,0.002558,-0.014823,2.392193,-0.000002,-0.000002,2.403198,-0.004942,-0.010216,2.326591,0.007901
-0.000001,0.404040,7,0.002043,-0.014542,2.431585,-0.000002,-0.000002,2.443198,-0.004689,-0.010468,2.366450,0.007218
-0.000001,0.399999,7,0.001894,-0.014194,2.471163,-0.000002,-0.000002,2.483198,-0.004432,-0.010704,2.406250,0.007658
-0.000000,0.400000,7,0.002817,-0.015379,2.510739,-0.000002,-0.000002,2.523198,-0.004200,-0.010899,2.445744,0.007461
0.000000,0.400000,7,0.002674,-0.015644,2.550291,-0.000002,-0.000002,2.563198,-0.004012,-0.011048,2.484531,0.008683
0.000000,0.396040,7,0.003241,-0.016928,2.589669,-0.000002,-0.000002,2.603198,-0.003899,-0.011128,2.522977,0.008022
0.000000,0.404041,7,0.004103,-0.017925,2.629082,-0.000002,-0.000002,2.643198,-0.003817,-0.011180,2.561144,0.008264
0.000000,0.433500,7,0.003718,-0.017551,2.671847,-0.000002,-0.000002,2.686548,-0.003751,-0.011217,2.600902,0.007246
0.000000,0.483500,7,0.003266,-0.017038,2.719702,-0.000002,-0.000002,2.734898,-0.003680,-0.011252,2.645367,0.006483
-0.000000,0.500000,7,0.004498,-0.017862,2.769379,-0.000002,-0.000002,2.784898,-0.003597,-0.011288,2.692855,0.006808
-0.000000,0.500000,7,0.003731,-0.017575,2.818955,-0.000002,-0.000002,2.834898,-0.003430,-0.011357,2.740944,0.006669
-0.000000,0.500000,7,0.004816,-0.017486,2.868596,-0.000002,-0.000002,2.884898,-0.003141,-0.011464,2.789860,0.007142
0.000000,0.495049,7,0.004161,-0.017987,2.918250,-0.000002,-0.000002,2.934898,-0.002730,-0.011598,2.839589,0.006428
-0.000000,0.500000,7,0.004309,-0.016899,2.967762,-0.000002,-0.000002,2.984898,-0.002298,-0.011714,2.889416,0.006970
-0.000000,0.505050,7,0.004148,-0.018719,3.017476,-0.000002,-0.000002,3.034898,-0.001861,-0.011809,2.939242,0.007835
-0.000001,0.495049,7,0.004384,-0.017863,3.067098,-0.000002,-0.000002,3.084898,-0.001421,-0.011883,2.989068,0.006807
-0.000001,0.505051,7,0.004361,-0.019758,3.116783,-0.000002,-0.000002,3.134898,-0.000977,-0.011934,3.038894,0.007466
-0.000001,0.495049,7,0.004061,-0.019335,3.166397,-0.000001,-0.000002,3.184898,-0.000532,-0.011964,3.088718,0.006781
-0.000000,0.505050,7,0.003275,-0.019421,3.216045,-0.000001,-0.000002,3.234898,-0.000093,-0.011970,3.138489,0.007316
0.000000,0.495049,7,0.003610,-0.020062,3.265668,-0.000001,-0.000002,3.284898,0.000319,-0.011956,-3.095359,0.006456
0.000000,0.505051,7,0.003168,-0.020089,3.315139,-0.000001,-0.000002,3.334898,0.000655,-0.011927,-3.046309,0.007657
0.000000,0.500000,7,0.003703,-0.021098,3.364741,-0.000001,-0.000002,3.384898,0.000973,-0.011883,-2.997285,0.008061
0.000000,0.500000,7,0.003789,-0.020467,3.414190,-0.000001,-0.000002,3.434898,0.001327,-0.011817,-2.948039,0.007836
-0.000000,0.500000,7,0.003476,-0.021449,3.463804,-0.000001,-0.000002,3.484898,0.001744,-0.011718,-2.898337,0.006574
-0.000000,0.500000,7,0.004996,-0.021625,3.513396,-0.000001,-0.000002,3.534898,0.002173,-0.011594,-2.848513,0.007275
-0.000000,0.500000,7,0.004132,-0.022484,3.563030,-0.000001,-0.000002,3.584898,0.002596,-0.011449,-2.798687,0.006863
-0.000000,0.495049,7,0.005394,-0.022966,3.612700,-0.000001,-0.000002,3.634898,0.003011,-0.011282,-2.748860,0.007663
-0.000000,0.505050,7,0.004780,-0.022537,3.662211,-0.000001,-0.000002,3.684898,0.003417,-0.011096,-2.699034,0.006428
-0.000000,0.500000,7,0.004353,-0.022889,3.711900,-0.000001,-0.000002,3.734898,0.003814,-0.010889,-2.649209,0.006665
-0.000001,0.500000,7,0.004920,-0.022767,3.761596,-0.000001,-0.000002,3.784898,0.004199,-0.010663,-2.599384,0.007157
-0.000000,0.544552,7,0.004784,-0.023530,3.816503,-0.000001,-0.000002,3.839898,0.004428,-0.010511,-2.547456,0.006326
-0.000000,0.606059,7,0.004245,-0.022592,3.876404,-0.000001,-0.000002,3.899897,0.004517,-0.010441,-2.491792,0.006026
-0.000000,0.600000,7,0.004737,-0.022492,3.936371,-0.000001,-0.000002,3.959897,0.004594,-0.010369,-2.434845,0.006187
-0.000000,0.600000,7,0.005325,-0.022225,3.996079,-0.000001,-0.000002,4.019897,0.004686,-0.010281,-2.378052,0.006998
0.000000,0.600000,7,0.006822,-0.022244,4.055746,-0.000001,-0.000002,4.079897,0.004753,-0.010207,-2.321044,0.007489
0.000000,0.600000,7,0.007367,-0.022686,4.115299,-0.000001,-0.000002,4.139897,0.004850,-0.010087,-2.263763,0.008531
0.000000,0.600000,7,0.008080,-0.023685,4.174820,-0.000001,-0.000002,4.199897,0.004999,-0.009885,-2.205842,0.008077
-0.000000,0.600000,7,0.008855,-0.025135,4.234339,-0.000001,-0.000002,4.259897,0.005214,-0.009561,-2.147019,0.008330
-0.000000,0.600000,7,0.009156,-0.024493,4.293791,-0.000001,-0.000002,4.319897,0.005480,-0.009111,-2.087318,0.008360
0.000000,0.600000,7,0.009077,-0.023763,4.353388,-0.000001,-0.000002,4.379897,0.005725,-0.008634,-2.027527,0.007718
-0.000000,0.600000,7,0.008499,-0.022919,4.412774,-0.000001,-0.000002,4.439897,0.005941,-0.008143,-1.967736,0.007696
-0.000001,0.600000,7,0.008816,-0.023193,4.472170,-0.000001,-0.000002,4.499897,0.006127,-0.007640,-1.907945,0.007965
-0.000001,0.594059,7,0.010817,-0.023666,4.531884,-0.000001,-0.000001,4.559897,0.006282,-0.007127,-1.848155,0.008837
-0.000001,0.606059,7,0.010572,-0.022502,4.591273,-0.000001,-0.000001,4.619897,0.006407,-0.006606,-1.788365,0.007912
-0.000000,0.600000,7,0.009686,-0.022001,4.650664,-0.000001,-0.000001,4.679897,0.006500,-0.006079,-1.728583,0.007606
-0.000000,0.594059,7,0.009096,-0.021445,4.710282,-0.000001,-0.000001,4.739897,0.006566,-0.005525,-1.669091,0.007681
0.000000,0.606061,7,0.010041,-0.021685,4.769753,-0.000001,-0.000001,4.799897,0.006590,-0.005080,-1.609819,0.006998
0.000000,0.600000,7,0.011367,-0.021369,4.829132,-0.000001,-0.000001,4.859897,0.006587,-0.004629,-1.550589,0.008291
-0.000000,0.600000,7,0.011801,-0.020390,4.888507,-0.000001,-0.000001,4.919897,0.006553,-0.004101,-1.490851,0.007668
-0.000000,0.600000,7,0.011454,-0.019741,4.948025,-0.000001,-0.000001,4.979897,0.006488,-0.003569,-1.431062,0.006793
-0.000000,0.600000,7,0.010635,-0.020561,5.007673,-0.000001,-0.000001,5.039897,0.006390,-0.003041,-1.371270,0.006824
0.000000,0.600000,7,0.011750,-0.020984,5.067365,-0.000001,-0.000001,5.099897,0.006262,-0.002520,-1.311478,0.007036
-0.000000,0.633499,7,0.011186,-0.019459,5.130430,-0.000001,-0.000001,5.163247,0.006130,-0.002095,-1.250639,0.006602
-0.000000,0.683499,7,0.011268,-0.020180,5.198575,-0.000001,-0.000001,5.231597,0.006025,-0.001830,-1.186152,0.005893
-0.000000,0.699997,7,0.012133,-0.020743,5.268482,-0.000001,-0.000001,5.301596,0.005909,-0.001589,-1.118739,0.005183
-0.000001,0.699998,7,0.012007,-0.020762,5.338330,-0.000001,-0.000001,5.371596,0.005717,-0.001245,-1.050493,0.006377
-0.000000,0.699999,7,0.012027,-0.020164,5.407887,-0.000001,-0.000001,5.441596,0.005469,-0.000860,-0.981917,0.006936
0.000000,0.700000,7,0.011201,-0.019408,5.477466,-0.000001,-0.000001,5.511596,0.005192,-0.000478,-0.913361,0.006388
0.000000,0.700000,7,0.010601,-0.018898,5.547169,-0.000001,-0.000001,5.581596,0.004860,-0.000090,-0.844389,0.006225
0.000000,0.700000,7,0.010342,-0.018823,5.616866,-0.000001,-0.000001,5.651596,0.004439,0.000339,-0.774801,0.006175
-0.000000,0.699999,7,0.010274,-0.017896,5.686500,-0.000001,-0.000001,5.721596,0.003972,0.000755,-0.705045,0.007097
-0.000000,0.699999,7,0.009808,-0.016440,5.755982,-0.000001,-0.000001,5.791596,0.003476,0.001138,-0.635288,0.006706
-0.000000,0.699999,7,0.008745,-0.015646,5.825565,-0.000001,-0.000001,5.861596,0.002955,0.001485,-0.565531,0.006554
-0.000000,0.699999,7,0.008634,-0.014661,5.895155,-0.000001,-0.000001,5.931596,0.002412,0.001794,-0.495774,0.006022
-0.000001,0.693069,7,0.008222,-0.013696,5.964794,-0.000001,-0.000001,6.001596,0.001848,0.002066,-0.426017,0.005476
-0.000001,0.707069,7,0.007565,-0.012912,6.034496,-0.000002,-0.000001,6.071596,0.001268,0.002297,-0.356263,0.006203
-0.000000,0.699999,7,0.006983,-0.011956,6.104314,-0.000002,-0.000001,6.141596,0.000675,0.002486,-0.286527,0.005913
0.000000,0.700000,7,0.006875,-0.010909,6.173841,-0.000002,-0.000001,6.211596,0.000077,0.002638,-0.217164,0.006360
0.000000,0.700000,7,0.006623,-0.009805,6.243500,-0.000002,-0.000001,6.281596,-0.000481,0.002732,-0.147724,0.005687
0.000000,0.700000,7,0.006467,-0.008759,6.313306,-0.000002,-0.000001,6.351596,-0.001089,0.002793,-0.078074,0.006183
-0.000000,0.700000,7,0.006476,-0.008002,6.383099,-0.000002,-0.000001,6.421596,-0.001714,0.002812,-0.008324,0.006053
-0.000000,0.699999,7,0.005980,-0.007847,6.452770,-0.000002,-0.000001,6.491595,-0.002339,0.002787,0.061434,0.007259
0.000000,0.699999,7,0.006502,-0.008632,6.522360,-0.000002,-0.000001,6.561595,-0.002962,0.002719,0.131190,0.006658
-0.000000,0.699999,7,0.006871,-0.009451,6.591977,-0.000002,-0.000001,6.631595,-0.003577,0.002608,0.200947,0.006378
-0.000001,0.716499,7,0.007068,-0.010075,6.663466,-0.000002,-0.000001,6.703245,-0.004181,0.002455,0.270733,0.005997
-0.000001,0.766497,7,0.005954,-0.009221,6.739994,-0.000002,-0.000001,6.779895,-0.004512,0.002341,0.343472,0.005580
-0.000000,0.792078,7,0.005462,-0.007677,6.819777,-0.000002,-0.000001,6.859895,-0.004580,0.002303,0.419131,0.004876
-0.000000,0.799999,7,0.005649,-0.007516,6.899406,-0.000002,-0.000001,6.939895,-0.004643,0.002271,0.494515,0.006338
0.000000,0.808081,7,0.005339,-0.006345,6.978555,-0.000002,-0.000001,7.019895,-0.004682,0.002240,0.569917,0.008300
0.000000,0.799999,7,0.004375,-0.005821,7.057804,-0.000002,-0.000001,7.099895,-0.004757,0.002177,0.645594,0.009862
-0.000000,0.799999,7,0.005503,-0.005342,7.136697,-0.000002,-0.000001,7.179895,-0.004900,0.002048,0.721891,0.011553
0.000000,0.799999,6,0.005500,-0.005538,7.215770,-0.000002,-0.000001,7.259895,-0.005121,0.001825,0.798986,0.008438
-0.000000,0.799999,6,0.005457,-0.005393,7.294771,-0.000002,-0.000001,7.339895,-0.005406,0.001494,0.876895,0.010077
-0.000000,0.799998,6,0.005992,-0.004397,7.373739,-0.000002,-0.000001,7.419894,-0.005727,0.001060,0.955469,0.009340
-0.000001,0.799997,7,0.006067,-0.005034,7.452418,-0.000002,-0.000001,7.499894,-0.006041,0.000560,1.034387,0.011771
-0.000000,0.799999,6,0.006089,-0.004028,7.531384,-0.000002,-0.000001,7.579894,-0.006306,0.000052,1.113200,0.009713
0.000000,0.799999,6,0.006765,-0.004446,7.610187,-0.000002,-0.000001,7.659894,-0.006504,-0.000402,1.191348,0.010747
0.000000,0.800000,6,0.005255,-0.004724,7.688881,-0.000002,-0.000001,7.739894,-0.006638,-0.000804,1.269181,0.011599
0.000000,0.799999,6,0.005326,-0.004179,7.767675,-0.000002,-0.000001,7.819894,-0.006743,-0.001231,1.347090,0.012420
0.000000,0.792078,6,0.004173,-0.004138,7.846454,-0.000002,-0.000001,7.899894,-0.006826,-0.001728,1.425427,0.010940
-0.000000,0.808080,6,0.003496,-0.004489,7.925101,-0.000002,-0.000001,7.979894,-0.006880,-0.002325,1.504393,0.011818
-0.000000,0.799999,6,0.003870,-0.005353,8.003997,-0.000002,-0.000001,8.059893,-0.006889,-0.003021,1.583990,0.010854
-0.000001,0.792078,6,0.003110,-0.006243,8.082803,-0.000002,-0.000001,8.139893,-0.006842,-0.003734,1.663712,0.010588
-0.000002,0.808079,6,0.003754,-0.007206,8.161765,-0.000002,-0.000001,8.219893,-0.006739,-0.004440,1.743432,0.010529
-0.000000,0.799998,7,0.003188,-0.006976,8.240289,-0.000002,-0.000002,8.299893,-0.006586,-0.005109,1.822991,0.012151
0.000000,0.800000,7,0.003677,-0.007477,8.319091,-0.000002,-0.000002,8.379893,-0.006405,-0.005687,1.901877,0.012556
0.000000,0.816500,7,0.004127,-0.007481,8.399553,-0.000002,-0.000002,8.461543,-0.006206,-0.006176,1.980422,0.011743
0.000000,0.866499,6,0.005253,-0.008226,8.485174,-0.000002,-0.000002,8.548193,-0.006080,-0.006417,2.061943,0.008838
-0.000000,0.899999,7,0.005541,-0.009202,8.574151,-0.000002,-0.000002,8.638193,-0.006022,-0.006494,2.146996,0.010764
0.000000,0.899999,7,0.005670,-0.009378,8.662827,-0.000002,-0.000002,8.728193,-0.005884,-0.006669,2.232878,0.012276
-0.000000,0.899999,6,0.006684,-0.010266,8.751745,-0.000002,-0.000002,8.818193,-0.005648,-0.006930,2.319607,0.010976
-0.000000,0.899997,6,0.007214,-0.011512,8.840695,-0.000002,-0.000002,8.908192,-0.005320,-0.007238,2.406984,0.011179
-0.000000,0.899998,6,0.007291,-0.012149,8.929569,-0.000002,-0.000002,8.998192,-0.004938,-0.007540,2.494610,0.012128
-0.000000,0.899999,5,0.007639,-0.012757,9.018392,-0.000002,-0.000002,9.088192,-0.004561,-0.007790,2.581920,0.010877
0.000000,0.857142,4,0.007080,-0.013581,9.107447,-0.000002,-0.000002,9.178192,-0.004219,-0.007975,2.668830,0.010543
0.000000,1.124999,5,0.006359,-0.013359,9.196264,-0.000002,-0.000002,9.268192,-0.003855,-0.008131,2.755832,0.013700
-0.000000,1.232875,5,0.005584,-0.013398,9.284943,-0.000002,-0.000002,9.358192,-0.003392,-0.008284,2.843444,0.013699
0.000000,1.232875,5,0.006172,-0.014424,9.373489,-0.000002,-0.000002,9.448192,-0.002784,-0.008430,2.931958,0.013464
-0.000000,0.957445,5,0.006463,-0.015459,9.462223,-0.000002,-0.000002,9.538191,-0.002028,-0.008545,3.021388,0.013509
-0.000002,0.999998,5,0.006728,-0.016498,9.551021,-0.000001,-0.000002,9.628191,-0.001226,-0.008595,3.111074,0.011941
-0.000000,0.486485,5,0.006017,-0.017564,9.639854,-0.000001,-0.000002,9.718191,-0.000425,-0.008574,-3.082428,0.011220
-0.000000,0.899999,5,0.005314,-0.017431,9.728739,-0.000001,-0.000002,9.808191,0.000359,-0.008482,-2.992961,0.011001
0.000000,0.900000,5,0.004359,-0.017482,9.817495,-0.000001,-0.000002,9.898191,0.001086,-0.008330,-2.903745,0.011104
0.000000,0.899999,5,0.003840,-0.017894,9.906249,-0.000001,-0.000002,9.988191,0.001828,-0.008104,-2.814258,0.010545
-0.000000,0.899999,5,0.004287,-0.019210,9.995177,-0.000001,-0.000002,10.078191,0.002574,-0.007801,-2.724573,0.009505
0.000000,0.891088,5,0.004332,-0.020863,10.084029,-0.000001,-0.000002,10.168191,0.003290,-0.007434,-2.634885,0.011006
-0.000000,0.899999,6,0.004565,-0.021275,10.172917,-0.000001,-0.000001,10.258190,0.003969,-0.007004,-2.545199,0.010639
-0.000001,0.909088,6,0.004693,-0.021731,10.261701,-0.000001,-0.000001,10.348190,0.004607,-0.006515,-2.455514,0.010704
-0.000001,0.899997,6,0.006312,-0.021715,10.350826,-0.000001,-0.000001,10.438190,0.005197,-0.005972,-2.365830,0.010132
-0.000000,0.916499,6,0.007666,-0.022013,10.441421,-0.000001,-0.000001,10.529840,0.005739,-0.005378,-2.276307,0.010221
0.000000,0.966499,7,0.007240,-0.021332,10.537222,-0.000001,-0.000001,10.626490,0.006074,-0.004936,-2.184656,0.010605
0.000000,0.990098,6,0.007543,-0.021005,10.636643,-0.000001,-0.000001,10.726490,0.006207,-0.004707,-2.089229,0.008767
-0.000000,1.010099,6,0.008669,-0.021520,10.735934,-0.000001,-0.000001,10.826489,0.006377,-0.004346,-1.992822,0.011452
0.000000,0.884954,6,0.009867,-0.021968,10.835231,-0.000001,-0.000001,10.926489,0.006577,-0.003800,-1.895215,0.011144
-0.000000,1.123592,6,0.010904,-0.021685,10.934292,-0.000001,-0.000001,11.026489,0.006775,-0.003051,-1.796332,0.009564
-0.000001,1.162787,6,0.012208,-0.021680,11.033483,-0.000001,-0.000001,11.126489,0.006919,-0.002174,-1.696704,0.009573
-0.000000,1.176469,6,0.012193,-0.021423,11.132621,-0.000001,-0.000001,11.226489,0.006956,-0.001516,-1.598637,0.012351
0.000000,1.333332,6,0.011440,-0.021147,11.231419,-0.000001,-0.000001,11.326488,0.006599,-0.001064,-1.502116,0.011954
0.000000,1.265821,5,0.010242,-0.020376,11.330315,-0.000001,-0.000001,11.426488,0.006535,-0.000616,-1.405371,0.009285
-0.000000,0.578034,5,0.009217,-0.020012,11.429172,-0.000001,-0.000001,11.526488,0.006399,-0.000049,-1.307755,0.009877
-0.000000,0.999998,5,0.007939,-0.019537,11.528007,-0.000001,-0.000001,11.626488,0.006155,0.000668,-1.208997,0.010471
-0.000000,0.999998,5,0.006886,-0.018765,11.627098,-0.000001,-0.000001,11.726488,0.005789,0.001477,-1.109377,0.010471
-0.000001,0.999997,5,0.006419,-0.017492,11.726050,-0.000001,-0.000001,11.826487,0.005343,0.002250,-1.009726,0.009725
-0.000000,0.999998,5,0.005493,-0.016794,11.824972,-0.000001,-0.000001,11.926487,0.004824,0.002971,-0.910089,0.010244
0.000000,0.999999,5,0.005924,-0.016954,11.924103,-0.000001,-0.000001,12.026487,0.004240,0.003642,-0.810668,0.008978
0.000000,0.999999,5,0.006808,-0.016615,12.023130,-0.000001,-0.000001,12.126487,0.003586,0.004249,-0.711060,0.008962
-0.000000,0.999998,5,0.007124,-0.016673,12.122270,-0.000001,-0.000001,12.226487,0.002873,0.004789,-0.611412,0.010097
-0.000000,0.999998,6,0.006313,-0.016448,12.221210,-0.000001,-0.000001,12.326487,0.002110,0.005256,-0.511759,0.010346
-0.000000,0.999998,6,0.006029,-0.015517,12.320040,-0.000001,-0.000001,12.426487,0.001306,0.005644,-0.412106,0.009660
-0.000001,0.999997,6,0.004983,-0.014609,12.418839,-0.000001,-0.000001,12.526486,0.000467,0.005950,-0.312454,0.009697
-0.000001,0.999998,6,0.005452,-0.012678,12.517747,-0.000002,-0.000001,12.626486,-0.000395,0.006170,-0.212809,0.009860
-0.000000,0.999999,6,0.006095,-0.011119,12.616822,-0.000002,-0.000001,12.726486,-0.001268,0.006308,-0.113447,0.009384
0.000000,1.049999,7,0.006158,-0.010406,12.720888,-0.000002,-0.000001,12.831486,-0.001918,0.006341,-0.012359,0.010306
-0.000000,1.099998,7,0.005617,-0.008297,12.830149,-0.000002,-0.000001,12.941486,-0.002315,0.006316,0.091922,0.008595
-0.000000,1.099998,6,0.006566,-0.007456,12.939247,-0.000002,-0.000001,13.051485,-0.002727,0.006243,0.197841,0.008503
-0.000000,1.099998,6,0.005721,-0.007345,13.048375,-0.000002,-0.000001,13.161485,-0.003253,0.006094,0.304609,0.009231
-0.000001,1.089105,6,0.005798,-0.005118,13.157273,-0.000002,-0.000001,13.271485,-0.003854,0.005855,0.412040,0.011021
-0.000000,1.111109,6,0.005939,-0.004593,13.266039,-0.000002,-0.000001,13.381485,-0.004476,0.005528,0.519856,0.010787
0.000000,1.089107,5,0.004218,-0.002814,13.374915,-0.000002,-0.000001,13.491484,-0.005049,0.005151,0.627386,0.008707
0.000000,1.099998,5,0.005111,-0.002044,13.483687,-0.000002,-0.000001,13.601484,-0.005575,0.004709,0.735036,0.010266
-0.000000,1.111109,5,0.003463,-0.002256,13.592547,-0.000002,-0.000001,13.711484,-0.006104,0.004157,0.843214,0.009233
-0.000000,1.099998,5,0.002892,-0.001053,13.701427,-0.000002,-0.000001,13.821484,-0.006640,0.003464,0.952134,0.008855
-0.000001,1.099997,5,0.002614,-0.001921,13.810356,-0.000002,-0.000001,13.931483,-0.007147,0.002638,1.061670,0.008817
-0.000001,1.099995,5,0.001305,-0.001110,13.919141,-0.000002,-0.000001,14.041483,-0.007566,0.001753,1.171280,0.008754
-0.000000,1.099998,5,0.001069,-0.001415,14.028009,-0.000002,-0.000001,14.151483,-0.007875,0.000865,1.280583,0.008891
0.000000,1.099999,5,-0.000272,-0.001378,14.136787,-0.000002,-0.000001,14.261483,-0.008069,0.000006,1.389437,0.008526
0.000000,1.099998,5,-0.000220,-0.002329,14.245704,-0.000002,-0.000001,14.371482,-0.008169,-0.000877,1.498430,0.008733
-0.000000,1.099998,5,-0.001245,-0.002680,14.354465,-0.000002,-0.000001,14.481482,-0.008173,-0.001838,1.607897,0.008740
-0.000000,1.099998,7,-0.001313,-0.002732,14.462783,-0.000002,-0.000001,14.591482,-0.008071,-0.002815,1.717515,0.013275
-0.000001,1.099996,6,-0.000578,-0.002807,14.571412,-0.000002,-0.000001,14.701482,-0.007862,-0.003774,1.827133,0.011274
-0.000000,1.099997,6,-0.000662,-0.002406,14.680153,-0.000002,-0.000001,14.811481,-0.007555,-0.004689,1.936675,0.010536
0.000000,1.099998,7,-0.000302,-0.002186,14.788598,-0.000002,-0.000001,14.921481,-0.007172,-0.005522,2.045720,0.012474
0.000000,1.099999,7,0.001621,-0.002698,14.897319,-0.000002,-0.000001,15.031481,-0.006705,-0.006295,2.154785,0.013194
-0.000000,1.089107,7,0.001886,-0.002327,15.005889,-0.000002,-0.000001,15.141481,-0.006119,-0.007063,2.264281,0.011686
-0.000000,1.099998,7,0.003121,-0.004438,15.114864,-0.000002,-0.000001,15.251481,-0.005441,-0.007775,2.373899,0.010957
-0.000001,1.111109,7,0.003253,-0.004934,15.223765,-0.000002,-0.000001,15.361480,-0.004690,-0.008408,2.483518,0.011787
-0.000001,1.089105,7,0.004281,-0.006777,15.332653,-0.000001,-0.000001,15.471480,-0.003876,-0.008954,2.593134,0.010899
-0.000000,1.099998,7,0.003783,-0.006901,15.441606,-0.000001,-0.000001,15.581480,-0.003029,-0.009397,2.702604,0.010443
0.000000,1.111110,7,0.005020,-0.008715,15.550735,-0.000001,-0.000001,15.691480,-0.002187,-0.009726,2.811583,0.011337
0.000000,1.099998,7,0.004859,-0.008548,15.659819,-0.000001,-0.000001,15.801479,-0.001284,-0.009967,2.920863,0.010327
-0.000000,1.099998,7,0.006466,-0.009277,15.769029,-0.000001,-0.000001,15.911479,-0.000311,-0.010117,3.030481,0.009955
-0.000000,1.149997,7,0.007728,-0.010827,15.883578,-0.000001,-0.000001,16.026479,0.000503,-0.010153,-3.140983,0.009069
-0.000000,1.199996,7,0.008784,-0.012562,16.003159,-0.000001,-0.000001,16.146479,0.001139,-0.010105,-3.025730,0.008661
-0.000000,1.199997,7,0.009988,-0.013344,16.122664,-0.000001,-0.000001,16.266478,0.001727,-0.009988,-2.909207,0.009192
0.000000,1.199998,7,0.010623,-0.014469,16.241858,-0.000001,-0.000001,16.386478,0.002289,-0.009809,-2.792911,0.010892
0.000000,1.188117,7,0.010757,-0.015722,16.360978,-0.000001,-0.000001,16.506478,0.002865,-0.009545,-2.676232,0.011676
-0.000000,1.212118,7,0.010877,-0.016996,16.480144,-0.000001,-0.000001,16.626478,0.003541,-0.009137,-2.558509,0.011995
-0.000000,1.199997,7,0.010428,-0.017908,16.599212,-0.000001,-0.000001,16.746477,0.004318,-0.008537,-2.439518,0.010191
-0.000001,1.188115,7,0.011072,-0.018205,16.718355,-0.000001,-0.000001,16.866477,0.005083,-0.007788,-2.319937,0.010870
-0.000000,1.212118,7,0.011718,-0.019518,16.837399,-0.000001,-0.000001,16.986477,0.005751,-0.006958,-2.200365,0.010602
0.000000,1.188116,7,0.011418,-0.018392,16.956562,-0.000001,-0.000001,17.106476,0.006313,-0.006060,-2.081017,0.009781
0.000000,1.212119,7,0.011618,-0.018435,17.075532,-0.000001,-0.000001,17.226476,0.006767,-0.005089,-1.961483,0.010325
-0.000000,1.199997,7,0.011074,-0.018037,17.194968,-0.000001,-0.000001,17.346476,0.007103,-0.004069,-1.841899,0.008827
-0.000000,1.199997,7,0.010479,-0.017849,17.314262,-0.000001,-0.000001,17.466475,0.007315,-0.003019,-1.722323,0.009701
-0.000000,1.199994,6,0.011675,-0.018323,17.433664,-0.000001,-0.000001,17.586475,0.007372,-0.002359,-1.605421,0.009881
0.000000,1.199997,5,0.011873,-0.018887,17.552843,-0.000001,-0.000001,17.706475,0.007033,-0.002260,-1.492028,0.010468
0.000000,1.199998,4,0.011283,-0.018647,17.672261,-0.000001,-0.000001,17.826474,0.007010,-0.002145,-1.378533,0.010606
0.000000,1.199998,4,0.010926,-0.018371,17.791220,-0.000001,-0.000001,17.946474,0.006952,-0.001970,-1.264791,0.012669
-0.000000,1.199997,4,0.010533,-0.018192,17.909954,-0.000001,-0.000001,18.066474,0.006820,-0.001666,-1.150061,0.014328
0.000000,1.199997,4,0.010198,-0.017302,18.028650,-0.000001,-0.000001,18.186474,0.006552,-0.001184,-1.033884,0.014660
-0.000000,1.199996,4,0.009931,-0.016694,18.147150,-0.000001,-0.000001,18.306473,0.006120,-0.000573,-0.916409,0.015384
-0.000000,1.199996,4,0.009422,-0.016412,18.265705,-0.000001,-0.000001,18.426473,0.005544,0.000071,-0.798158,0.015997
0.000000,1.199998,4,0.008563,-0.016627,18.384194,-0.000001,-0.000001,18.546473,0.004879,0.000666,-0.679910,0.016806
0.000000,1.199998,4,0.008918,-0.016296,18.502587,-0.000001,-0.000001,18.666472,0.004117,0.001194,-0.561332,0.017181
-0.000000,1.199997,4,0.009245,-0.015256,18.620980,-0.000001,-0.000001,18.786472,0.003202,0.001679,-0.441995,0.015846
-0.000000,1.199997,4,0.008380,-0.014822,18.739351,-0.000001,-0.000001,18.906472,0.002202,0.002067,-0.322412,0.015167
-0.000001,1.199996,4,0.007166,-0.014608,18.858031,-0.000001,-0.000001,19.026471,0.001165,0.002332,-0.202829,0.013291
-0.000000,1.199997,4,0.006232,-0.014285,18.976515,-0.000002,-0.000001,19.146471,0.000109,0.002471,-0.083256,0.013696
0.000000,1.199997,4,0.006405,-0.013056,19.095110,-0.000002,-0.000001,19.266471,-0.000937,0.002488,0.036025,0.013349
0.000000,1.199998,5,0.007038,-0.011762,19.213510,-0.000002,-0.000001,19.386471,-0.001971,0.002375,0.155349,0.012871
-0.000000,1.199997,4,0.007148,-0.010269,19.332166,-0.000002,-0.000001,19.506470,-0.003016,0.002133,0.274929,0.012768
-0.000000,1.199997,5,0.006393,-0.007750,19.450159,-0.000002,-0.000001,19.626470,-0.004024,0.001768,0.394512,0.014929
-0.000001,1.199995,5,0.005844,-0.008159,19.568618,-0.000002,-0.000001,19.746470,-0.004980,0.001286,0.514093,0.013510
-0.000001,1.188116,4,0.004656,-0.006779,19.687504,-0.000002,-0.000001,19.866469,-0.005868,0.000697,0.633669,0.011651
0.000000,1.212119,5,0.002698,-0.005589,19.805926,-0.000002,-0.000001,19.986469,-0.006661,0.000029,0.752898,0.013237
0.000000,1.199998,5,0.002274,-0.005144,19.924330,-0.000002,-0.000001,20.106469,-0.007348,-0.000717,0.872071,0.013996
-0.000000,1.199997,5,0.000945,-0.004255,20.042805,-0.000002,-0.000001,20.226468,-0.007972,-0.001579,0.991591,0.014250
-0.000000,1.199997,5,0.000627,-0.003227,20.161214,-0.000002,-0.000001,20.346468,-0.008493,-0.002516,1.111174,0.012888
-0.000001,1.199996,5,0.000474,-0.003428,20.279888,-0.000002,-0.000001,20.466468,-0.008897,-0.003507,1.230756,0.012151
-0.000000,1.249997,5,-0.001040,-0.003776,20.403618,-0.000002,-0.000001,20.591467,-0.009124,-0.004332,1.352324,0.009117
0.000000,1.299997,5,-0.000073,-0.004459,20.532379,-0.000002,-0.000001,20.721467,-0.009215,-0.004932,1.475153,0.008213
0.000000,1.299997,5,-0.001209,-0.004849,20.660936,-0.000002,-0.000001,20.851467,-0.009214,-0.005303,1.599573,0.012084
-0.000000,1.299997,5,-0.002859,-0.004357,20.789348,-0.000002,-0.000001,20.981467,-0.009160,-0.005733,1.724351,0.014587
-0.000000,1.299997,4,-0.002967,-0.004899,20.917985,-0.000002,-0.000001,21.111466,-0.009032,-0.006243,1.849746,0.014971
-0.000000,1.299995,4,-0.002846,-0.005541,21.046502,-0.000002,-0.000001,21.241466,-0.008818,-0.006799,1.975611,0.015601
-0.000000,1.299997,4,-0.002679,-0.006352,21.174993,-0.000002,-0.000001,21.371465,-0.008529,-0.007342,2.101608,0.016769
0.000000,1.299997,3,-0.002322,-0.006578,21.303575,-0.000002,-0.000001,21.501465,-0.008190,-0.007823,2.227287,0.018225
-0.000000,1.299997,3,-0.001819,-0.006921,21.432135,-0.000002,-0.000001,21.631465,-0.007767,-0.008283,2.353312,0.019834
-0.000000,1.299997,3,-0.001682,-0.006609,21.560637,-0.000002,-0.000001,21.761464,-0.007208,-0.008758,2.480055,0.019450
-0.000000,1.299995,2,-0.001189,-0.006841,21.689838,-0.000002,-0.000001,21.891464,-0.006499,-0.009221,2.607558,0.019719
-0.000000,1.287124,2,-0.000925,-0.006881,21.818959,-0.000002,-0.000001,22.021464,-0.005689,-0.009616,2.735440,0.021151
0.000000,1.313128,2,-0.000421,-0.007083,21.947901,-0.000002,-0.000001,22.151463,-0.004849,-0.009902,2.863048,0.020830
0.000000,1.299997,1,0.000030,-0.007432,22.077537,-0.000002,-0.000001,22.281463,-0.003985,-0.010076,2.990747,0.016779
0.000000,1.299997,1,0.000287,-0.007657,22.207272,-0.000002,-0.000001,22.411463,-0.003011,-0.010144,3.119079,0.018258
-0.000000,1.299997,1,0.000668,-0.007946,22.336992,-0.000002,-0.000001,22.541462,-0.001898,-0.010082,-3.034865,0.018102
-0.000001,1.299994,1,0.000814,-0.008188,22.466577,-0.000001,-0.000001,22.671462,-0.000759,-0.009870,-2.905319,0.017453
-0.000000,1.299997,2,0.000816,-0.009079,22.595451,-0.000001,-0.000001,22.801461,0.000335,-0.009516,-2.775809,0.020769
0.000000,1.299997,2,0.000552,-0.010254,22.724283,-0.000001,-0.000001,22.931461,0.001379,-0.009021,-2.646453,0.019449
-0.000000,1.299997,2,-0.000027,-0.011728,22.853179,-0.000001,-0.000001,23.061461,0.002358,-0.008391,-2.516914,0.018936
0.000000,1.287125,2,-0.000280,-0.013779,22.982188,-0.000001,-0.000001,23.191460,0.003245,-0.007640,-2.387365,0.019153
-0.000001,1.313127,2,-0.000783,-0.015388,23.111368,-0.000001,-0.000001,23.321460,0.004027,-0.006783,-2.257819,0.017159
-0.000001,1.299996,2,-0.001339,-0.016810,23.240571,-0.000001,-0.000001,23.451459,0.004689,-0.005835,-2.128274,0.015858
-0.000000,1.299997,2,-0.001495,-0.018239,23.369675,-0.000001,-0.000001,23.581459,0.005225,-0.004813,-1.998946,0.015304
0.000000,1.299997,2,-0.001759,-0.019502,23.498967,-0.000001,-0.000001,23.711459,0.005620,-0.003730,-1.869452,0.014404
0.000000,1.299996,2,-0.001821,-0.020403,23.627946,-0.000001,-0.000001,23.841458,0.005876,-0.002596,-1.739903,0.013359
-0.000000,1.299997,3,-0.001338,-0.020810,23.756177,-0.000001,-0.000001,23.971458,0.005982,-0.001439,-1.610355,0.015915
-0.000001,1.299995,3,-0.001384,-0.021581,23.884613,-0.000001,-0.000001,24.101458,0.005939,-0.000281,-1.480808,0.015856
-0.000000,1.299996,3,-0.001309,-0.022490,24.013086,-0.000001,-0.000001,24.231457,0.005747,0.000856,-1.351284,0.015069
0.000000,1.299997,4,-0.001583,-0.021234,24.140964,-0.000001,-0.000001,24.361457,0.005413,0.001962,-1.221970,0.016026
0.000000,1.299997,4,-0.001707,-0.020388,24.269027,-0.000001,-0.000001,24.491457,0.004932,0.003021,-1.092423,0.015568
-0.000000,1.299996,4,-0.002082,-0.019743,24.397206,-0.000001,-0.000001,24.621456,0.004319,0.004009,-0.962874,0.014498
-0.000001,1.299996,4,-0.001738,-0.018275,24.525185,-0.000002,-0.000001,24.751456,0.003584,0.004907,-0.833325,0.014440
-0.000001,1.299995,4,-0.001750,-0.016618,24.653575,-0.000002,-0.000001,24.881455,0.002742,0.005702,-0.703780,0.012130
-0.000000,1.287125,4,-0.001883,-0.015147,24.781971,-0.000002,-0.000001,25.011455,0.001813,0.006382,-0.574420,0.012282
0.000000,1.313128,4,-0.001057,-0.013586,24.910170,-0.000002,-0.000001,25.141455,0.000807,0.006927,-0.445015,0.013265
-0.000000,1.287125,4,-0.000316,-0.012374,25.038509,-0.000002,-0.000001,25.271454,-0.000278,0.007345,-0.315472,0.012511
-0.000000,1.313128,5,-0.000207,-0.010843,25.166395,-0.000002,-0.000001,25.401454,-0.001407,0.007619,-0.185923,0.014574
-0.000001,1.299995,4,-0.001485,-0.009187,25.294922,-0.000002,-0.000001,25.531454,-0.002559,0.007745,-0.056376,0.010921
-0.000000,1.299996,4,-0.002361,-0.007714,25.423619,-0.000002,-0.000001,25.661453,-0.003712,0.007722,0.073159,0.010142
0.000000,1.287126,5,-0.004013,-0.005521,25.551752,-0.000002,-0.000001,25.791453,-0.004826,0.007559,0.202347,0.012114
0.000000,1.313128,4,-0.003747,-0.004016,25.680284,-0.000002,-0.000001,25.921452,-0.005908,0.007247,0.331632,0.009534
0.000000,1.299997,5,-0.004234,-0.001350,25.808452,-0.000002,-0.000001,26.051452,-0.006975,0.006785,0.461179,0.011860
-0.000000,1.299997,5,-0.005513,0.000463,25.936739,-0.000002,-0.000001,26.181452,-0.007971,0.006190,0.590726,0.010686
-0.000001,1.287123,5,-0.007202,0.001547,26.065320,-0.000002,-0.000001,26.311451,-0.008880,0.005473,0.720273,0.009104
-0.000000,1.346966,5,-0.008500,0.003001,26.197327,-0.000002,-0.000001,26.444801,-0.009676,0.004668,0.849729,0.009305
0.000000,1.383496,5,-0.008198,0.003016,26.334407,-0.000002,-0.000001,26.583150,-0.010103,0.004100,0.982211,0.009628
-0.000000,1.399996,5,-0.008136,0.004270,26.472958,-0.000002,-0.000001,26.723150,-0.010349,0.003641,1.116944,0.009398
-0.000000,1.399996,4,-0.008640,0.004662,26.611932,-0.000002,-0.000001,26.863150,-0.010565,0.003065,1.252299,0.010130
-0.000000,1.399994,5,-0.010015,0.004239,26.750352,-0.000002,-0.000001,27.003149,-0.010724,0.002375,1.388282,0.012747
-0.000000,1.386134,4,-0.008985,0.003941,26.888875,-0.000002,-0.000001,27.143149,-0.010792,0.001665,1.524340,0.014428
0.000000,1.399997,4,-0.009122,0.003488,27.027323,-0.000002,-0.000001,27.283148,-0.010766,0.001005,1.659875,0.014211
0.000000,1.414137,4,-0.008160,0.002902,27.165562,-0.000002,-0.000001,27.423148,-0.010646,0.000351,1.795538,0.017150
-0.000000,1.399996,4,-0.008171,0.002074,27.303703,-0.000002,-0.000001,27.563147,-0.010415,-0.000358,1.931746,0.018930
-0.000000,1.399994,4,-0.008026,0.001544,27.442064,-0.000002,-0.000001,27.703147,-0.010044,-0.001129,2.068688,0.019031
-0.000000,1.399995,3,-0.007912,0.000718,27.580643,-0.000002,-0.000001,27.843146,-0.009543,-0.001887,2.206015,0.017797
0.000000,1.399997,4,-0.007837,-0.000509,27.718552,-0.000002,-0.000001,27.983146,-0.008964,-0.002550,2.342979,0.020962
0.000000,1.399996,3,-0.007468,-0.001028,27.857142,-0.000002,-0.000001,28.123146,-0.008287,-0.003135,2.480152,0.019008
-0.000000,1.399996,3,-0.007069,-0.001847,27.995578,-0.000002,-0.000001,28.263145,-0.007453,-0.003677,2.617983,0.020490
-0.000000,1.399994,3,-0.006945,-0.002819,28.134122,-0.000002,-0.000001,28.403145,-0.006452,-0.004147,2.756560,0.019268
-0.000000,1.399994,3,-0.006470,-0.003771,28.272636,-0.000002,-0.000001,28.543144,-0.005338,-0.004494,2.895570,0.018499
0.000000,1.399996,3,-0.006314,-0.004894,28.411303,-0.000002,-0.000001,28.683144,-0.004193,-0.004684,3.034372,0.017821
0.000000,1.386135,3,-0.005953,-0.005872,28.549824,-0.000002,-0.000001,28.823143,-0.003018,-0.004712,-3.109828,0.018683
-0.000000,1.414137,4,-0.005132,-0.006570,28.687751,-0.000002,-0.000001,28.963143,-0.001778,-0.004570,-2.970340,0.018731
-0.000001,1.399995,4,-0.004967,-0.008028,28.825962,-0.000002,-0.000001,29.103142,-0.000568,-0.004257,-2.830829,0.017720
-0.000001,1.399994,4,-0.004472,-0.008630,28.964119,-0.000002,-0.000001,29.243142,0.000582,-0.003780,-2.691319,0.015810
-0.000000,1.399996,4,-0.004480,-0.009842,29.102461,-0.000002,-0.000001,29.383141,0.001654,-0.003150,-2.552004,0.016130
0.000000,1.399996,4,-0.004715,-0.010551,29.240996,-0.000002,-0.000001,29.523141,0.002634,-0.002371,-2.412507,0.013975
-0.000000,1.399996,4,-0.004349,-0.010719,29.379452,-0.000002,-0.000001,29.663140,0.003496,-0.001463,-2.272993,0.012966
-0.000000,1.399996,4,-0.004005,-0.011004,29.518103,-0.000002,-0.000001,29.803140,0.004223,-0.000446,-2.133481,0.012549
-0.000001,1.386133,4,-0.003685,-0.010902,29.656783,-0.000002,-0.000001,29.943139,0.004799,0.000659,-1.993970,0.011811
-0.000000,1.414137,4,-0.003314,-0.011069,29.795629,-0.000002,-0.000001,30.083139,0.005220,0.001840,-1.854637,0.011718
0.000000,1.399996,4,-0.002779,-0.010949,29.934450,-0.000002,-0.000001,30.223139,0.005469,0.003063,-1.715135,0.010705
0.000000,1.399996,4,-0.002489,-0.010762,30.073398,-0.000002,-0.000001,30.363138,0.005547,0.004313,-1.575620,0.011336
-0.000000,1.416495,5,-0.003474,-0.010128,30.213259,-0.000002,-0.000001,30.504788,0.005451,0.005556,-1.436069,0.012317
-0.000001,1.466493,5,-0.002445,-0.010138,30.358750,-0.000002,-0.000001,30.651437,0.005224,0.006556,-1.293300,0.010432
0.000000,1.499995,5,-0.003009,-0.009343,30.507517,-0.000002,-0.000001,30.801436,0.004941,0.007295,-1.147299,0.010160
0.000000,1.499995,5,-0.003370,-0.008677,30.656070,-0.000002,-0.000001,30.951436,0.004512,0.008050,-1.000966,0.010880
-0.000000,1.499995,5,-0.004661,-0.008148,30.804619,-0.000002,-0.000001,31.101435,0.003884,0.008857,-0.853574,0.010014
-0.000000,1.485142,5,-0.004532,-0.006822,30.953329,-0.000002,-0.000001,31.251435,0.003008,0.009696,-0.704926,0.010240
-0.000001,1.515145,5,-0.004737,-0.005677,31.102138,-0.000002,-0.000001,31.401434,0.001926,0.010465,-0.555491,0.009861
-0.000000,1.499995,5,-0.005465,-0.004689,31.250716,-0.000002,-0.000001,31.551434,0.000749,0.011067,-0.406244,0.010357
0.000000,1.485143,5,-0.005067,-0.005415,31.399539,-0.000002,-0.000001,31.701433,-0.000511,0.011483,-0.256864,0.009327
-0.000000,1.515146,5,-0.006002,-0.003582,31.548205,-0.000002,-0.000001,31.851433,-0.001833,0.011709,-0.107385,0.009465
-0.000001,1.499994,5,-0.005974,-0.002479,31.697131,-0.000002,-0.000001,32.001432,-0.003171,0.011737,0.042093,0.007303
-0.000001,1.499994,5,-0.006105,-0.000660,31.845800,-0.000002,-0.000001,32.151431,-0.004491,0.011565,0.191566,0.010030
0.000000,1.485143,5,-0.007112,0.001150,31.994577,-0.000002,-0.000001,32.301431,-0.005746,0.011213,0.340725,0.007469
0.000000,1.515146,5,-0.007025,0.000617,32.143496,-0.000002,-0.000001,32.451430,-0.006943,0.010666,0.489999,0.008039
-0.000000,1.499995,6,-0.007423,0.001796,32.292343,-0.000002,-0.000001,32.601430,-0.008066,0.009935,0.639479,0.009432
-0.000001,1.499993,6,-0.005758,0.002623,32.441125,-0.000002,-0.000001,32.751429,-0.009066,0.009046,0.788956,0.010136
-0.000000,1.499995,6,-0.005158,0.003475,32.589896,-0.000002,-0.000001,32.901429,-0.009915,0.008028,0.938412,0.010302
0.000000,1.499995,6,-0.004834,0.003812,32.738481,-0.000002,-0.000001,33.051428,-0.010583,0.006939,1.087374,0.011457
0.000000,1.499995,6,-0.004665,0.002818,32.887365,-0.000002,-0.000001,33.201428,-0.011074,0.005764,1.236399,0.010230
-0.000000,1.499995,6,-0.005146,0.002382,33.036196,-0.000002,-0.000001,33.351427,-0.011401,0.004469,1.385849,0.009720
-0.000001,1.499993,7,-0.004244,0.002299,33.184936,-0.000002,-0.000001,33.501426,-0.011531,0.003138,1.535327,0.011380
-0.000000,1.499994,7,-0.003074,0.002329,33.333675,-0.000002,-0.000001,33.651426,-0.011466,0.001826,1.684715,0.011470
0.000000,1.499995,7,-0.003616,0.002109,33.482488,-0.000002,-0.000001,33.801425,-0.011216,0.000594,1.833531,0.010713
0.000000,1.499995,7,-0.003301,0.002732,33.631143,-0.000002,-0.000001,33.951425,-0.010780,-0.000599,1.982531,0.012300
-0.000000,1.499995,7,-0.003137,0.003466,33.779753,-0.000002,-0.000001,34.101424,-0.010140,-0.001774,2.132000,0.011723
-0.000001,1.501479,7,-0.002014,0.002547,33.930412,-0.000002,-0.000001,34.253074,-0.009334,-0.002837,2.281498,0.011073
-0.000000,1.582317,7,-0.001822,0.002734,34.086212,-0.000002,-0.000001,34.409723,-0.008611,-0.003538,2.433730,0.009933
0.000000,1.599994,7,0.000009,0.001352,34.245249,-0.000002,-0.000001,34.569722,-0.008019,-0.003953,2.588029,0.010292
-0.000000,1.599994,7,0.000962,0.000643,34.404286,-0.000002,-0.000001,34.729722,-0.007337,-0.004283,2.743067,0.011774
-0.000000,1.599993,7,0.001027,0.000433,34.563154,-0.000002,-0.000001,34.889721,-0.006494,-0.004543,2.898945,0.012337
-0.000000,1.599993,5,0.001731,-0.000379,34.722101,-0.000002,-0.000001,35.049720,-0.005535,-0.004683,3.055432,0.010338
0.000000,1.599994,5,0.001742,-0.001709,34.881023,-0.000002,-0.000001,35.209720,-0.004561,-0.004676,-3.071406,0.011763
0.000000,1.599994,5,0.002255,-0.002860,35.039944,-0.000002,-0.000001,35.369719,-0.003567,-0.004509,-2.914739,0.011654
-0.000000,1.599993,5,0.001708,-0.003297,35.198637,-0.000002,-0.000001,35.529719,-0.002486,-0.004147,-2.757194,0.012928
-0.000001,1.599991,5,0.000940,-0.003540,35.357283,-0.000002,-0.000001,35.689718,-0.001329,-0.003547,-2.598545,0.012192
-0.000000,1.599993,5,0.000606,-0.004106,35.516190,-0.000002,-0.000001,35.849717,-0.000203,-0.002720,-2.439354,0.011602
0.000000,1.599994,5,0.000122,-0.004604,35.674975,-0.000002,-0.000001,36.009716,0.000794,-0.001704,-2.280036,0.011600
-0.000000,1.599993,5,0.000862,-0.004953,35.834118,-0.000002,-0.000001,36.169716,0.001623,-0.000537,-2.120593,0.011368
-0.000001,1.599993,5,-0.000064,-0.005200,35.993111,-0.000002,-0.000001,36.329715,0.002254,0.000743,-1.961150,0.009782
-0.000001,1.584151,5,-0.000995,-0.004919,36.152186,-0.000002,-0.000001,36.489714,0.002672,0.002101,-1.801713,0.010419
-0.000000,1.599994,5,-0.001326,-0.005098,36.311282,-0.000002,-0.000001,36.649714,0.002873,0.003516,-1.642437,0.010003
0.000000,1.616155,5,-0.000562,-0.005573,36.470531,-0.000002,-0.000001,36.809713,0.002844,0.004948,-1.483002,0.010067
-0.000000,1.584152,5,-0.000920,-0.004494,36.629507,-0.000002,-0.000001,36.969712,0.002588,0.006354,-1.323557,0.008743
-0.000001,1.599992,5,-0.001496,-0.003569,36.788266,-0.000002,-0.000001,37.129712,0.002114,0.007698,-1.164115,0.008329
-0.000000,1.616155,5,-0.000681,-0.003484,36.947310,-0.000002,-0.000001,37.289711,0.001440,0.008948,-1.004777,0.008004
0.000000,1.584152,5,-0.001745,-0.002447,37.106118,-0.000002,-0.000001,37.449710,0.000563,0.010082,-0.845406,0.008862
-0.000000,1.599993,6,-0.000932,-0.001757,37.265016,-0.000002,-0.000001,37.609710,-0.000480,0.011062,-0.685963,0.010650
-0.000001,1.616155,6,0.000371,-0.001942,37.423895,-0.000002,-0.000001,37.769709,-0.001664,0.011861,-0.526518,0.010857
-0.000001,1.599993,6,0.000043,-0.000933,37.582948,-0.000002,-0.000001,37.929708,-0.002952,0.012459,-0.367081,0.008955
0.000000,1.599994,6,-0.000439,0.000216,37.741869,-0.000002,-0.000001,38.089708,-0.004316,0.012850,-0.207842,0.010094
0.000000,1.599994,6,0.000922,-0.000273,37.900919,-0.000002,-0.000001,38.249707,-0.005737,0.013015,-0.048431,0.010592
-0.000000,1.599994,6,0.000990,0.000690,38.059926,-0.000002,-0.000001,38.409706,-0.007165,0.012953,0.111013,0.009173
-0.000001,1.599991,6,0.001088,0.001375,38.218938,-0.000002,-0.000001,38.569705,-0.008561,0.012666,0.270455,0.010070
-0.000000,1.584152,6,0.001314,0.000786,38.377938,-0.000002,-0.000001,38.729705,-0.009883,0.012172,0.429815,0.009037
0.000000,1.616155,6,0.000033,0.001898,38.536896,-0.000002,-0.000001,38.889704,-0.011108,0.011467,0.589029,0.009300
-0.000000,1.599993,6,-0.000203,0.002821,38.695714,-0.000002,-0.000001,39.049704,-0.012220,0.010567,0.748472,0.008604
-0.000000,1.599993,6,-0.000597,0.003116,38.854713,-0.000002,-0.000001,39.209703,-0.013173,0.009503,0.907915,0.008273
-0.000001,1.599993,6,-0.000907,0.004426,39.013581,-0.000002,-0.000001,39.369702,-0.013940,0.008308,1.067352,0.008954
0.000000,1.599994,7,-0.001334,0.006173,39.172243,-0.000002,-0.000001,39.529702,-0.014494,0.007054,1.226381,0.011162
0.000000,1.599994,7,-0.001132,0.006538,39.331246,-0.000002,-0.000001,39.689701,-0.014833,0.005736,1.385341,0.010113
-0.000000,1.599994,7,-0.000692,0.006642,39.490153,-0.000002,-0.000001,39.849700,-0.014965,0.004320,1.544738,0.010264
-0.000001,1.599992,6,-0.001345,0.006507,39.649182,-0.000002,-0.000001,40.009699,-0.014872,0.002897,1.704181,0.008903
-0.000000,1.599993,7,-0.001438,0.007276,39.807942,-0.000002,-0.000001,40.169699,-0.014563,0.001533,1.863513,0.010623
0.000000,1.599994,7,-0.001594,0.007569,39.966664,-0.000002,-0.000001,40.329698,-0.014054,0.000278,2.022342,0.011492
-0.000000,1.599993,7,-0.002542,0.006930,40.125684,-0.000002,-0.000001,40.489698,-0.013325,-0.000927,2.181638,0.010390
-0.000000,1.599993,7,-0.002609,0.006755,40.284601,-0.000002,-0.000001,40.649697,-0.012402,-0.002016,2.341083,0.010500
-0.000001,1.599993,7,-0.002096,0.006167,40.443687,-0.000002,-0.000001,40.809696,-0.011323,-0.002941,2.500523,0.010326
0.000000,1.599994,7,-0.001145,0.004749,40.602952,-0.000002,-0.000001,40.969696,-0.010140,-0.003669,2.659647,0.010357
0.000000,1.599994,7,-0.000262,0.002048,40.762121,-0.000002,-0.000001,41.129695,-0.008857,-0.004195,2.818769,0.010646
-0.000000,1.584152,7,0.001268,0.000461,40.921333,-0.000002,-0.000001,41.289694,-0.007465,-0.004522,2.978214,0.010674
-0.000001,1.616153,7,0.002538,-0.001002,41.080609,-0.000002,-0.000001,41.449693,-0.006043,-0.004624,3.137656,0.011013
-0.000000,1.599994,7,0.003941,-0.001971,41.239910,-0.000002,-0.000001,41.609693,-0.004636,-0.004501,-2.986148,0.010386
0.000000,1.599994,7,0.004474,-0.003361,41.399097,-0.000002,-0.000001,41.769692,-0.003274,-0.004157,-2.827000,0.010355
-0.000000,1.599994,7,0.005106,-0.004282,41.558273,-0.000002,-0.000001,41.929692,-0.001960,-0.003591,-2.667560,0.009953
-0.000000,1.599993,7,0.006002,-0.004249,41.717627,-0.000002,-0.000001,42.089691,-0.000754,-0.002825,-2.508117,0.009707
-0.000000,1.633656,7,0.005622,-0.005124,41.882228,-0.000002,-0.000001,42.254690,0.000175,-0.002002,-2.346590,0.008389
0.000000,1.717164,7,0.005256,-0.004987,42.051625,-0.000002,-0.000001,42.424689,0.000867,-0.001156,-2.183133,0.008368
0.000000,1.699992,7,0.004847,-0.004808,42.221009,-0.000002,-0.000001,42.594689,0.001333,-0.000321,-2.017395,0.008988
-0.000000,1.683161,7,0.005963,-0.005344,42.390263,-0.000002,-0.000001,42.764688,0.001712,0.000735,-1.850582,0.010515
-0.000001,1.717162,7,0.006812,-0.006222,42.559548,-0.000002,-0.000001,42.934687,0.001944,0.002012,-1.682589,0.010293
-0.000000,1.683161,6,0.008098,-0.006338,42.728845,-0.000002,-0.000001,43.104686,0.001966,0.003396,-1.514183,0.009113
0.000000,1.699993,6,0.009132,-0.006299,42.898126,-0.000002,-0.000001,43.274685,0.001746,0.004801,-1.345417,0.009224
-0.000000,1.717164,7,0.009593,-0.006272,43.067175,-0.000002,-0.000001,43.444685,0.001266,0.006238,-1.176038,0.010768
-0.000001,1.699991,7,0.010370,-0.005925,43.236315,-0.000002,-0.000001,43.614684,0.000551,0.007574,-1.006630,0.010523
-0.000000,1.699992,7,0.008927,-0.004803,43.405481,-0.000002,-0.000001,43.784683,-0.000368,0.008764,-0.837293,0.009701
0.000000,1.699993,7,0.007866,-0.002822,43.574573,-0.000002,-0.000001,43.954682,-0.001488,0.009789,-0.668021,0.010828
-0.000000,1.699992,6,0.006838,-0.002174,43.743851,-0.000002,-0.000001,44.124681,-0.002767,0.010611,-0.498612,0.007330
-0.000001,1.699991,6,0.006376,-0.001253,43.913073,-0.000002,-0.000001,44.294681,-0.004163,0.011204,-0.329202,0.007201
-0.000000,1.699992,7,0.006229,0.000434,44.082259,-0.000002,-0.000001,44.464680,-0.005627,0.011551,-0.159809,0.009071
0.000000,1.699993,7,0.005350,0.001163,44.251490,-0.000002,-0.000001,44.634679,-0.007121,0.011652,0.009317,0.008883
-0.000000,1.699992,7,0.004822,0.002873,44.420798,-0.000002,-0.000001,44.804678,-0.008630,0.011491,0.178698,0.009476
-0.000000,1.699992,7,0.004145,0.003111,44.590025,-0.000002,-0.000001,44.974677,-0.010090,0.011078,0.348106,0.008753
-0.000001,1.699991,7,0.003625,0.005616,44.759092,-0.000002,-0.000001,45.144676,-0.011453,0.010428,0.517512,0.009198
0.000000,1.699992,6,0.002832,0.006296,44.928196,-0.000002,-0.000001,45.314676,-0.012672,0.009577,0.686647,0.007062
-0.000000,1.699992,7,0.001781,0.007909,45.097429,-0.000002,-0.000001,45.484675,-0.013734,0.008517,0.855891,0.008129
-0.000000,1.699992,7,0.000918,0.007484,45.266761,-0.000002,-0.000001,45.654674,-0.014614,0.007280,1.025301,0.009224
-0.000001,1.699991,7,0.000821,0.007569,45.435912,-0.000002,-0.000001,45.824673,-0.015270,0.005917,1.194708,0.009266
-0.000000,1.699992,7,-0.000596,0.007529,45.604864,-0.000002,-0.000001,45.994673,-0.015686,0.004485,1.363910,0.010417
0.000000,1.699993,7,-0.000003,0.006739,45.773842,-0.000002,-0.000001,46.164672,-0.015846,0.003033,1.532903,0.010257
-0.000000,1.699992,7,0.000273,0.006360,45.943074,-0.000002,-0.000001,46.334671,-0.015756,0.001527,1.702244,0.009027
-0.000001,1.699991,7,-0.000500,0.006834,46.112074,-0.000002,-0.000001,46.504670,-0.015414,0.000051,1.871653,0.009426
-0.000000,1.699992,7,-0.000766,0.006290,46.281199,-0.000002,-0.000001,46.674669,-0.014837,-0.001333,2.040991,0.010163
0.000000,1.699993,7,-0.001592,0.006371,46.450221,-0.000002,-0.000001,46.844669,-0.014039,-0.002586,2.210058,0.009993
-0.000000,1.699992,7,-0.002381,0.006115,46.619437,-0.000002,-0.000001,47.014668,-0.013020,-0.003710,2.379448,0.009194
-0.000001,1.699992,7,-0.001687,0.004540,46.788655,-0.000002,-0.000001,47.184667,-0.011827,-0.004646,2.548859,0.009966
-0.000000,1.699992,7,-0.001255,0.004462,46.957945,-0.000002,-0.000001,47.354666,-0.010504,-0.005362,2.718253,0.008964
0.000000,1.683161,7,0.000238,0.002854,47.127345,-0.000002,-0.000001,47.524665,-0.009105,-0.005839,2.887300,0.010363
0.000000,1.751002,7,0.001008,0.001356,47.299973,-0.000002,-0.000001,47.698015,-0.007708,-0.006063,3.057650,0.009226
-0.000000,1.765832,7,0.000980,0.000169,47.477762,-0.000002,-0.000001,47.876364,-0.006476,-0.006045,-3.051653,0.008848
-0.000000,1.818172,7,0.002203,-0.000794,47.657152,-0.000002,-0.000001,48.056363,-0.005360,-0.005823,-2.875290,0.009388
0.000000,1.799992,7,0.002783,-0.000770,47.836429,-0.000002,-0.000001,48.236362,-0.004277,-0.005403,-2.698939,0.009267
0.000000,1.782169,7,0.002368,-0.001900,48.015718,-0.000002,-0.000001,48.416361,-0.003201,-0.004746,-2.521860,0.009078
-0.000000,1.818172,7,0.003011,-0.002341,48.194967,-0.000002,-0.000001,48.596360,-0.002122,-0.003791,-2.343567,0.009996
-0.000001,1.799990,7,0.003060,-0.001737,48.374171,-0.000002,-0.000001,48.776359,-0.001142,-0.002555,-2.164329,0.009739
0.000000,1.799991,7,0.004507,-0.002915,48.553463,-0.000002,-0.000001,48.956358,-0.000387,-0.001155,-1.985186,0.010713
0.000000,1.799991,7,0.004510,-0.002415,48.732760,-0.000002,-0.000001,49.136357,0.000108,0.000377,-1.805814,0.009694
-0.000001,1.799990,7,0.003636,-0.001587,48.911972,-0.000002,-0.000001,49.316356,0.000321,0.001969,-1.626440,0.009902
-0.000001,1.799990,7,0.004856,-0.001957,49.091398,-0.000002,-0.000001,49.496355,0.000248,0.003565,-1.447072,0.010159
-0.000000,1.799991,7,0.005140,-0.000838,49.270528,-0.000002,-0.000001,49.676354,-0.000105,0.005125,-1.267897,0.008197
0.000000,1.799991,7,0.004375,-0.001338,49.449942,-0.000002,-0.000001,49.856353,-0.000739,0.006606,-1.088523,0.008833
-0.000000,1.799991,7,0.003541,-0.000396,49.629142,-0.000002,-0.000001,50.036352,-0.001625,0.007946,-0.909148,0.008842
-0.000001,1.799990,7,0.005137,0.000016,49.808341,-0.000002,-0.000001,50.216351,-0.002729,0.009100,-0.729780,0.009632
0.000000,1.799991,7,0.006018,-0.000284,49.987575,-0.000002,-0.000001,50.396350,-0.004011,0.010040,-0.550639,0.009307
0.000000,1.799991,7,0.005269,0.000710,50.166893,-0.000002,-0.000001,50.576350,-0.005461,0.010738,-0.371281,0.008796
-0.000000,1.799991,7,0.004982,0.001951,50.346227,-0.000002,-0.000001,50.756349,-0.007009,0.011165,-0.191906,0.008529
-0.000001,1.799990,7,0.004638,0.002439,50.525452,-0.000002,-0.000001,50.936348,-0.008600,0.011309,-0.012537,0.007967
-0.000000,1.799991,7,0.004665,0.004061,50.704593,-0.000002,-0.000001,51.116347,-0.010173,0.011176,0.166548,0.009226
-0.000000,1.782169,7,0.003809,0.004755,50.883864,-0.000002,-0.000001,51.296346,-0.011711,0.010752,0.345813,0.009230
-0.000000,1.818172,7,0.003113,0.006124,51.063127,-0.000002,-0.000001,51.476345,-0.013159,0.010056,0.525186,0.008337
-0.000001,1.799990,7,0.003273,0.006918,51.242365,-0.000002,-0.000001,51.656344,-0.014453,0.009119,0.704557,0.008484
0.000000,1.799991,7,0.002333,0.007695,51.421556,-0.000002,-0.000001,51.836343,-0.015542,0.007994,0.883598,0.008631
0.000000,1.782169,7,0.002627,0.006626,51.600710,-0.000002,-0.000001,52.016342,-0.016411,0.006682,1.062717,0.008771
-0.000000,1.818173,7,0.000927,0.006738,51.779757,-0.000002,-0.000001,52.196341,-0.017046,0.005206,1.242092,0.009625
-0.000001,1.782168,7,0.000756,0.006845,51.959012,-0.000002,-0.000001,52.376340,-0.017406,0.003649,1.421463,0.008774
0.000000,1.818173,7,-0.000106,0.006826,52.138166,-0.000002,-0.000001,52.556339,-0.017485,0.002090,1.600484,0.008603
-0.000000,1.799991,7,-0.000864,0.007400,52.317250,-0.000002,-0.000001,52.736338,-0.017280,0.000549,1.779471,0.008877
-0.000000,1.813390,7,-0.000641,0.006942,52.497605,-0.000002,-0.000001,52.917677,-0.016803,-0.000943,1.959282,0.009669
-0.000000,1.819989,7,-0.000912,0.006368,52.678811,-0.000002,-0.000001,53.099676,-0.016066,-0.002318,2.140284,0.010081
0.000000,1.819991,7,-0.000599,0.006661,52.859975,-0.000002,-0.000001,53.281675,-0.015099,-0.003540,2.321148,0.009228
-0.000000,1.819991,7,-0.000156,0.005039,53.041324,-0.000002,-0.000001,53.463674,-0.013909,-0.004576,2.502165,0.008663
-0.000000,1.819990,7,-0.001145,0.004464,53.222601,-0.000002,-0.000001,53.645673,-0.012513,-0.005407,2.683534,0.009662
-0.000001,1.819990,7,-0.000951,0.002043,53.404009,-0.000002,-0.000001,53.827672,-0.010999,-0.005969,2.864896,0.009103
-0.000000,1.819991,7,-0.001324,0.001946,53.585258,-0.000002,-0.000001,54.009671,-0.009424,-0.006248,3.045993,0.009108
0.000000,1.801971,7,-0.000685,0.000637,53.766417,-0.000002,-0.000001,54.191670,-0.007804,-0.006236,-3.055888,0.009666
-0.000000,1.838374,7,0.000466,-0.000836,53.947666,-0.000002,-0.000001,54.373669,-0.006209,-0.005931,-2.874522,0.009320
-0.000001,1.819990,7,0.001078,-0.001939,54.129084,-0.000002,-0.000001,54.555668,-0.004704,-0.005348,-2.693160,0.008680
0.000000,1.819991,7,0.000929,-0.002592,54.310412,-0.000002,-0.000001,54.737667,-0.003323,-0.004503,-2.511979,0.008598
-0.000000,1.819991,7,0.002008,-0.003858,54.491872,-0.000002,-0.000001,54.919666,-0.002112,-0.003414,-2.330610,0.009492
-0.000000,1.819990,7,0.001790,-0.003406,54.673135,-0.000002,-0.000001,55.101665,-0.001120,-0.002128,-2.149244,0.008615
-0.000001,1.819990,7,0.001863,-0.003040,54.854419,-0.000002,-0.000001,55.283664,-0.000381,-0.000693,-1.967883,0.008521
-0.000000,1.819991,7,0.001568,-0.002675,55.035844,-0.000002,-0.000001,55.465663,0.000094,0.000859,-1.786676,0.008532
0.000000,1.819990,7,0.003403,-0.003065,55.217158,-0.000002,-0.000001,55.647663,0.000277,0.002477,-1.605306,0.010072
-0.000001,1.819990,7,0.002817,-0.003835,55.398435,-0.000002,-0.000001,55.829662,0.000166,0.004097,-1.423938,0.008630
-0.000000,1.819990,7,0.001782,-0.001076,55.579595,-0.000002,-0.000001,56.011660,-0.000232,0.005661,-1.242580,0.007953
0.000000,1.819991,7,0.002394,-0.000948,55.760948,-0.000002,-0.000001,56.193660,-0.000906,0.007140,-1.061369,0.008091
0.000000,1.801971,7,0.001918,-0.000886,55.942359,-0.000002,-0.000001,56.375659,-0.001842,0.008473,-0.879998,0.008602
-0.000000,1.838374,7,0.001913,0.000178,56.123552,-0.000002,-0.000001,56.557658,-0.002999,0.009611,-0.698629,0.008188
0.000000,1.322025,7,0.000958,0.001337,56.255120,-0.000002,-0.000001,56.689860,-0.004332,0.010517,-0.517281,0.007966
0.000000,-0.002121,7,-0.000483,0.004035,56.256727,-0.000002,-0.000001,56.689648,-0.005679,0.011351,-0.340616,0.011898
-0.000000,0.000000,0,-0.000483,0.004035,56.256727,-0.000002,-0.000001,56.689648,-0.007129,0.011922,-0.172757,0.000000
-0.000000,0.000000,0,-0.000483,0.004035,56.256727,-0.000002,-0.000001,56.689648,-0.008619,0.012237,-0.013743,0.000000
-0.000000,0.000000,0,-0.000483,0.004035,56.256727,-0.000002,-0.000001,56.689648,-0.010079,0.012313,0.136441,0.000000
-0.000000,0.000000,0,-0.000483,0.004035,56.256727,-0.000002,-0.000001,56.689648,-0.011451,0.012182,0.277834,0.000000
-0.000000,0.000000,0,-0.000483,0.004035,56.256727,-0.000002,-0.000001,56.689648,-0.012694,0.011889,0.410494,0.000000
-0.000000,0.000000,0,-0.000483,0.004035,56.256727,-0.000002,-0.000001,56.689648,-0.013836,0.011455,0.534419,0.000000
-0.000000,0.000000,0,-0.000483,0.004035,56.256727,-0.000002,-0.000001,56.689648,-0.014872,0.010908,0.649561,0.000000
-0.000000,0.000000,0,-0.000483,0.004035,56.256727,-0.000002,-0.000001,56.689648,-0.015780,0.010287,0.755889,0.000000
-0.000000,0.000000,0,-0.000483,0.004035,56.256727,-0.000002,-0.000001,56.689648,-0.016554,0.009633,0.853384,0.000000
-0.000000,0.000000,0,-0.000483,0.004035,56.256727,-0.000002,-0.000001,56.689648,-0.017190,0.008985,0.942043,0.000000
-0.000000,0.000000,0,-0.000483,0.004035,56.256727,-0.000002,-0.000001,56.689648,-0.017696,0.008378,1.021870,0.000000
-0.000000,0.000000,0,-0.000483,0.004035,56.256727,-0.000002,-0.000001,56.689648,-0.018083,0.007842,1.092876,0.000000
-0.000000,0.000000,0,-0.000483,0.004035,56.256727,-0.000002,-0.000001,56.689648,-0.018364,0.007404,1.155076,0.000000
-0.000000,0.000000,0,-0.000483,0.004035,56.256727,-0.000002,-0.000001,56.689648,-0.018559,0.007073,1.208485,0.000000
-0.000000,0.000000,0,-0.000483,0.004035,56.256727,-0.000002,-0.000001,56.689648,-0.018694,0.006830,1.253092,0.000000
-0.000000,0.000000,0,-0.000483,0.004035,56.256727,-0.000002,-0.000001,56.689648,-0.018780,0.006681,1.288892,0.000000
-0.000000,0.000000,0,-0.000483,0.004035,56.256727,-0.000002,-0.000001,56.689648,-0.018824,0.006632,1.315878,0.000000
-0.000000,0.000000,0,-0.000483,0.004035,56.256727,-0.000002,-0.000001,56.689648,-0.018829,0.006688,1.334050,0.000000
-0.000000,0.000000,0,-0.000483,0.004035,56.256727,-0.000002,-0.000001,56.689648,-0.018802,0.006849,1.343407,0.000000
-0.000000,0.000000,0,-0.000483,0.004035,56.256727,-0.000002,-0.000001,56.689648,-0.018760,0.007041,1.344639,0.000000
-0.000000,0.000000,0,-0.000483,0.004035,56.256727,-0.000002,-0.000001,56.689648,-0.018777,0.006970,1.344654,0.000000
-0.000000,0.000000,0,-0.000483,0.004035,56.256727,-0.000002,-0.000001,56.689648,-0.018769,0.007003,1.344611,0.000000
-0.000000,0.000000,0,-0.000483,0.004035,56.256727,-0.000002,-0.000001,56.689648,-0.018772,0.006993,1.344627,0.000000
-0.000000,-0.000000,0,-0.000483,0.004035,56.256727,-0.000002,-0.000001,56.689648,-0.018772,0.006993,1.344626,0.000000
-0.000000,-0.000000,0,-0.000483,0.004035,56.256727,-0.000002,-0.000001,56.689648,-0.018772,0.006993,1.344626,0.000000
-0.000000,-0.000000,0,-0.000483,0.004035,56.256727,-0.000002,-0.000001,56.689648,-0.018772,0.006993,1.344626,0.000000
-0.000000,-0.000000,0,-0.000483,0.004035,56.256727,-0.000002,-0.000001,56.689648,-0.018772,0.006993,1.344626,0.000000
-0.000000,-0.000000,0,-0.000483,0.004035,56.256727,-0.000002,-0.000001,56.689648,-0.018772,0.006993,1.344626,0.000000
-0.000000,-0.000000,0,-0.000483,0.004035,56.256727,-0.000002,-0.000001,56.689648,-0.018772,0.006993,1.344626,0.000000
-0.000000,-0.000000,0,-0.000483,0.004035,56.256727,-0.000002,-0.000001,56.689648,-0.018772,0.006993,1.344626,0.000000
-0.000000,-0.000000,0,-0.000483,0.004035,56.256727,-0.000002,-0.000001,56.689648,-0.018772,0.006993,1.344626,0.000000
-0.000000,-0.000000,0,-0.000483,0.004035,56.256727,-0.000002,-0.000001,56.689648,-0.018772,0.006993,1.344626,0.000000
-0.000000,-0.000000,0,-0.000483,0.004035,56.256727,-0.000002,-0.000001,56.689648,-0.018772,0.006993,1.344626,0.000000
-0.000000,-0.000000,0,-0.000483,0.004035,56.256727,-0.000002,-0.000001,56.689648,-0.018772,0.006993,1.344626,0.000000
-0.000000,-0.000000,0,-0.000483,0.004035,56.256727,-0.000002,-0.000001,56.689648,-0.018772,0.006993,1.344626,0.000000
-0.000000,-0.000000,0,-0.000483,0.004035,56.256727,-0.000002,-0.000001,56.689648,-0.018772,0.006993,1.344626,0.000000
-0.000000,-0.000000,0,-0.000483,0.004035,56.256727,-0.000002,-0.000001,56.689648,-0.018772,0.006993,1.344626,0.000000
-0.000000,-0.000000,0,-0.000483,0.004035,56.256727,-0.000002,-0.000001,56.689648,-0.018772,0.006993,1.344626,0.000000
-0.000000,-0.000000,0,-0.000483,0.004035,56.256727,-0.000002,-0.000001,56.689648,-0.018772,0.006993,1.344626,0.000000
-0.000000,-0.000000,0,-0.000483,0.004035,56.256727,-0.000002,-0.000001,56.689648,-0.018772,0.006993,1.344626,0.000000
-0.000000,-0.000000,0,-0.000483,0.004035,56.256727,-0.000002,-0.000001,56.689648,-0.018772,0.006993,1.344626,0.000000
-0.000000,-0.000000,0,-0.000483,0.004035,56.256727,-0.000002,-0.000001,56.689648,-0.018772,0.006993,1.344626,0.000000
-0.000000,-0.000000,0,-0.000483,0.004035,56.256727,-0.000002,-0.000001,56.689648,-0.018772,0.006993,1.344626,0.000000
-0.000000,-0.000000,0,-0.000483,0.004035,56.256727,-0.000002,-0.000001,56.689648,-0.018772,0.006993,1.344626,0.000000
-0.000000,-0.000000,0,-0.000483,0.004035,56.256727,-0.000002,-0.000001,56.689648,-0.018772,0.006993,1.344626,0.000000
-0.000000,-0.000000,0,-0.000483,0.004035,56.256727,-0.000002,-0.000001,56.689648,-0.018772,0.006993,1.344626,0.000000
-0.000000,-0.000000,0,-0.000483,0.004035,56.256727,-0.000002,-0.000001,56.689648,-0.018772,0.006993,1.344626,0.000000
-0.000000,-0.000000,0,-0.000483,0.004035,56.256727,-0.000002,-0.000001,56.689648,-0.018772,0.006993,1.344626,0.000000
-0.000000,-0.000000,0,-0.000483,0.004035,56.256727,-0.000002,-0.000001,56.689648,-0.018772,0.006993,1.344626,0.000000
-0.000000,-0.000000,0,-0.000483,0.004035,56.256727,-0.000002,-0.000001,56.689648,-0.018772,0.006993,1.344626,0.000000
-0.000000,-0.000000,0,-0.000483,0.004035,56.256727,-0.000002,-0.000001,56.689648,-0.018772,0.006993,1.344626,0.000000
-0.000000,-0.000000,0,-0.000483,0.004035,56.256727,-0.000002,-0.000001,56.689648,-0.018772,0.006993,1.344626,0.000000
-0.000000,-0.000000,0,-0.000483,0.004035,56.256727,-0.000002,-0.000001,56.689648,-0.018772,0.006993,1.344626,0.000000
-0.000000,-0.000000,0,-0.000483,0.004035,56.256727,-0.000002,-0.000001,56.689648,-0.018772,0.006993,1.344626,0.000000
-0.000000,-0.000000,0,-0.000483,0.004035,56.256727,-0.000002,-0.000001,56.689648,-0.018772,0.006993,1.344626,0.000000
-0.000000,-0.000000,0,-0.000483,0.004035,56.256727,-0.000002,-0.000001,56.689648,-0.018772,0.006993,1.344626,0.000000
-0.000000,-0.000000,0,-0.000483,0.004035,56.256727,-0.000002,-0.000001,56.689648,-0.018772,0.006993,1.344626,0.000000
-0.000000,-0.000000,0,-0.000483,0.004035,56.256727,-0.000002,-0.000001,56.689648,-0.018772,0.006993,1.344626,0.000000
-0.000000,-0.000000,0,-0.000483,0.004035,56.256727,-0.000002,-0.000001,56.689648,-0.018772,0.006993,1.344626,0.000000
-0.000000,-0.000000,0,-0.000483,0.004035,56.256727,-0.000002,-0.000001,56.689648,-0.018772,0.006993,1.344626,0.000000
-0.000000,-0.000000,0,-0.000483,0.004035,56.256727,-0.000002,-0.000001,56.689648,-0.018772,0.006993,1.344626,0.000000
-0.000000,-0.000000,0,-0.000483,0.004035,56.256727,-0.000002,-0.000001,56.689648,-0.018772,0.006993,1.344626,0.000000
-0.000000,-0.000000,0,-0.000483,0.004035,56.256727,-0.000002,-0.000001,56.689648,-0.018772,0.006993,1.344626,0.000000
-0.000000,-0.000000,0,-0.000483,0.004035,56.256727,-0.000002,-0.000001,56.689648,-0.018772,0.006993,1.344626,0.000000
-0.000000,-0.000000,0,-0.000483,0.004035,56.256727,-0.000002,-0.000001,56.689648,-0.018772,0.006993,1.344626,0.000000
-0.000000,-0.000000,0,-0.000483,0.004035,56.256727,-0.000002,-0.000001,56.689648,-0.018772,0.006993,1.344626,0.000000
-0.000000,-0.000000,0,-0.000483,0.004035,56.256727,-0.000002,-0.000001,56.689648,-0.018772,0.006993,1.344626,0.000000
-0.000000,-0.000000,0,-0.000483,0.004035,56.256727,-0.000002,-0.000001,56.689648,-0.018772,0.006993,1.344626,0.000000
-0.000000,-0.000000,0,-0.000483,0.004035,56.256727,-0.000002,-0.000001,56.689648,-0.018772,0.006993,1.344626,0.000000
-0.000000,-0.000000,0,-0.000483,0.004035,56.256727,-0.000002,-0.000001,56.689648,-0.018772,0.006993,1.344626,0.000000
-0.000000,-0.000000,0,-0.000483,0.004035,56.256727,-0.000002,-0.000001,56.689648,-0.018772,0.006993,1.344626,0.000000
-0.000000,-0.000000,0,-0.000483,0.004035,56.256727,-0.000002,-0.000001,56.689648,-0.018772,0.006993,1.344626,0.000000
-0.000000,-0.000000,0,-0.000483,0.004035,56.256727,-0.000002,-0.000001,56.689648,-0.018772,0.006993,1.344626,0.000000
-0.000000,-0.000000,0,-0.000483,0.004035,56.256727,-0.000002,-0.000001,56.689648,-0.018772,0.006993,1.344626,0.000000
-0.000000,-0.000000,0,-0.000483,0.004035,56.256727,-0.000002,-0.000001,56.689648,-0.018772,0.006993,1.344626,0.000000
-0.000000,-0.000000,0,-0.000483,0.004035,56.256727,-0.000002,-0.000001,56.689648,-0.018772,0.006993,1.344626,0.000000
-0.000000,-0.000000,0,-0.000483,0.004035,56.256727,-0.000002,-0.000001,56.689648,-0.018772,0.006993,1.344626,0.000000
-0.000000,-0.000000,0,-0.000483,0.004035,56.256727,-0.000002,-0.000001,56.689648,-0.018772,0.006993,1.344626,0.000000
-0.000000,-0.000000,0,-0.000483,0.004035,56.256727,-0.000002,-0.000001,56.689648,-0.018772,0.006993,1.344626,0.000000
-0.000000,-0.000000,0,-0.000483,0.004035,56.256727,-0.000002,-0.000001,56.689648,-0.018772,0.006993,1.344626,0.000000
-0.000000,-0.000000,0,-0.000483,0.004035,56.256727,-0.000002,-0.000001,56.689648,-0.018772,0.006993,1.344626,0.000000
-0.000000,-0.000000,0,-0.000483,0.004035,56.256727,-0.000002,-0.000001,56.689648,-0.018772,0.006993,1.344626,0.000000
-0.000000,-0.000000,0,-0.000483,0.004035,56.256727,-0.000002,-0.000001,56.689648,-0.018772,0.006993,1.344626,0.000000
-0.000000,-0.000000,0,-0.000483,0.004035,56.256727,-0.000002,-0.000001,56.689648,-0.018772,0.006993,1.344626,0.000000
-0.000000,-0.000000,0,-0.000483,0.004035,56.256727,-0.000002,-0.000001,56.689648,-0.018772,0.006993,1.344626,0.000000
-0.000000,-0.000000,0,-0.000483,0.004035,56.256727,-0.000002,-0.000001,56.689648,-0.018772,0.006993,1.344626,0.000000
-0.000000,-0.000000,0,-0.000483,0.004035,56.256727,-0.000002,-0.000001,56.689648,-0.018772,0.006993,1.344626,0.000000
-0.000000,-0.000000,0,-0.000483,0.004035,56.256727,-0.000002,-0.000001,56.689648,-0.018772,0.006993,1.344626,0.000000
-0.000000,-0.000000,0,-0.000483,0.004035,56.256727,-0.000002,-0.000001,56.689648,-0.018772,0.006993,1.344626,0.000000
-0.000000,-0.000000,0,-0.000483,0.004035,56.256727,-0.000002,-0.000001,56.689648,-0.018772,0.006993,1.344626,0.000000
-0.000000,-0.000000,0,-0.000483,0.004035,56.256727,-0.000002,-0.000001,56.689648,-0.018772,0.006993,1.344626,0.000000
-0.000000,-0.000000,0,-0.000483,0.004035,56.256727,-0.000002,-0.000001,56.689648,-0.018772,0.006993,1.344626,0.000000
-0.000000,-0.000000,0,-0.000483,0.004035,56.256727,-0.000002,-0.000001,56.689648,-0.018772,0.006993,1.344626,0.000000
-0.000000,-0.000000,0,-0.000483,0.004035,56.256727,-0.000002,-0.000001,56.689648,-0.018772,0.006993,1.344626,0.000000
-0.000000,-0.000000,0,-0.000483,0.004035,56.256727,-0.000002,-0.000001,56.689648,-0.018772,0.006993,1.344626,0.000000
-0.000000,-0.000000,0,-0.000483,0.004035,56.256727,-0.000002,-0.000001,56.689648,-0.018772,0.006993,1.344626,0.000000
-0.000000,-0.000000,0,-0.000483,0.004035,56.256727,-0.000002,-0.000001,56.689648,-0.018772,0.006993,1.344626,0.000000
-0.000000,-0.000000,0,-0.000483,0.004035,56.256727,-0.000002,-0.000001,56.689648,-0.018772,0.006993,1.344626,0.000000
-0.000000,-0.000000,0,-0.000483,0.004035,56.256727,-0.000002,-0.000001,56.689648,-0.018772,0.006993,1.344626,0.000000
-0.000000,-0.000000,0,-0.000483,0.004035,56.256727,-0.000002,-0.000001,56.689648,-0.018772,0.006993,1.344626,0.000000
-0.000000,-0.000000,0,-0.000483,0.004035,56.256727,-0.000002,-0.000001,56.689648,-0.018772,0.006993,1.344626,0.000000
-0.000000,-0.000000,0,-0.000483,0.004035,56.256727,-0.000002,-0.000001,56.689648,-0.018772,0.006993,1.344626,0.000000
-0.000000,-0.000000,0,-0.000483,0.004035,56.256727,-0.000002,-0.000001,56.689648,-0.018772,0.006993,1.344626,0.000000
-0.000000,-0.000000,0,-0.000483,0.004035,56.256727,-0.000002,-0.000001,56.689648,-0.018772,0.006993,1.344626,0.000000
-0.000000,-0.000000,0,-0.000483,0.004035,56.256727,-0.000002,-0.000001,56.689648,-0.018772,0.006993,1.344626,0.000000
-0.000000,-0.000000,0,-0.000483,0.004035,56.256727,-0.000002,-0.000001,56.689648,-0.018772,0.006993,1.344626,0.000000
-0.000000,-0.000000,0,-0.000483,0.004035,56.256727,-0.000002,-0.000001,56.689648,-0.018772,0.006993,1.344626,0.000000
-0.000000,-0.000000,0,-0.000483,0.004035,56.256727,-0.000002,-0.000001,56.689648,-0.018772,0.006993,1.344626,0.000000
-0.000000,-0.000000,0,-0.000483,0.004035,56.256727,-0.000002,-0.000001,56.689648,-0.018772,0.006993,1.344626,0.000000
-0.000000,-0.000000,0,-0.000483,0.004035,56.256727,-0.000002,-0.000001,56.689648,-0.018772,0.006993,1.344626,0.000000
-0.000000,-0.000000,0,-0.000483,0.004035,56.256727,-0.000002,-0.000001,56.689648,-0.018772,0.006993,1.344626,0.000000
-0.000000,-0.000000,0,-0.000483,0.004035,56.256727,-0.000002,-0.000001,56.689648,-0.018772,0.006993,1.344626,0.000000
-0.000000,-0.000000,0,-0.000483,0.004035,56.256727,-0.000002,-0.000001,56.689648,-0.018772,0.006993,1.344626,0.000000
-0.000000,-0.000000,0,-0.000483,0.004035,56.256727,-0.000002,-0.000001,56.689648,-0.018772,0.006993,1.344626,0.000000
-0.000000,-0.000000,0,-0.000483,0.004035,56.256727,-0.000002,-0.000001,56.689648,-0.018772,0.006993,1.344626,0.000000
-0.000000,-0.000000,0,-0.000483,0.004035,56.256727,-0.000002,-0.000001,56.689648,-0.018772,0.006993,1.344626,0.000000
-0.000000,-0.000000,0,-0.000483,0.004035,56.256727,-0.000002,-0.000001,56.689648,-0.018772,0.006993,1.344626,0.000000
-0.000000,-0.000000,0,-0.000483,0.004035,56.256727,-0.000002,-0.000001,56.689648,-0.018772,0.006993,1.344626,0.000000
-0.000000,-0.000000,0,-0.000483,0.004035,56.256727,-0.000002,-0.000001,56.689648,-0.018772,0.006993,1.344626,0.000000
-0.000000,-0.000000,0,-0.000483,0.004035,56.256727,-0.000002,-0.000001,56.689648,-0.018772,0.006993,1.344626,0.000000
-0.000000,-0.000000,0,-0.000483,0.004035,56.256727,-0.000002,-0.000001,56.689648,-0.018772,0.006993,1.344626,0.000000
-0.000000,-0.000000,0,-0.000483,0.004035,56.256727,-0.000002,-0.000001,56.689648,-0.018772,0.006993,1.344626,0.000000
-0.000000,-0.000000,0,-0.000483,0.004035,56.256727,-0.000002,-0.000001,56.689648,-0.018772,0.006993,1.344626,0.000000
-0.000000,-0.000000,0,-0.000483,0.004035,56.256727,-0.000002,-0.000001,56.689648,-0.018772,0.006993,1.344626,0.000000
-0.000000,-0.000000,0,-0.000483,0.004035,56.256727,-0.000002,-0.000001,56.689648,-0.018772,0.006993,1.344626,0.000000
-0.000000,-0.000000,0,-0.000483,0.004035,56.256727,-0.000002,-0.000001,56.689648,-0.018772,0.006993,1.344626,0.000000
-0.000000,-0.000000,0,-0.000483,0.004035,56.256727,-0.000002,-0.000001,56.689648,-0.018772,0.006993,1.344626,0.000000
-0.000000,-0.000000,0,-0.000483,0.004035,56.256727,-0.000002,-0.000001,56.689648,-0.018772,0.006993,1.344626,0.000000
-0.000000,-0.000000,0,-0.000483,0.004035,56.256727,-0.000002,-0.000001,56.689648,-0.018772,0.006993,1.344626,0.000000
-0.000000,-0.000000,0,-0.000483,0.004035,56.256727,-0.000002,-0.000001,56.689648,-0.018772,0.006993,1.344626,0.000000
-0.000000,-0.000000,0,-0.000483,0.004035,56.256727,-0.000002,-0.000001,56.689648,-0.018772,0.006993,1.344626,0.000000
-0.000000,-0.000000,0,-0.000483,0.004035,56.256727,-0.000002,-0.000001,56.689648,-0.018772,0.006993,1.344626,0.000000
-0.000000,-0.000000,0,-0.000483,0.004035,56.256727,-0.000002,-0.000001,56.689648,-0.018772,0.006993,1.344626,0.000000
-0.000000,-0.000000,0,-0.000483,0.004035,56.256727,-0.000002,-0.000001,56.689648,-0.018772,0.006994,1.344626,0.000000
-0.000000,-0.000000,0,-0.000483,0.004035,56.256727,-0.000002,-0.000001,56.689648,-0.018772,0.006994,1.344626,0.000000
-0.000000,-0.000000,0,-0.000483,0.004035,56.256727,-0.000002,-0.000001,56.689648,-0.018772,0.006994,1.344626,0.000000
-0.000000,-0.000000,0,-0.000483,0.004035,56.256727,-0.000002,-0.000001,56.689648,-0.018772,0.006994,1.344626,0.000000
-0.000000,-0.000000,0,-0.000483,0.004035,56.256727,-0.000002,-0.000001,56.689648,-0.018772,0.006994,1.344626,0.000000
-0.000000,-0.000000,0,-0.000483,0.004035,56.256727,-0.000002,-0.000001,56.689648,-0.018772,0.006994,1.344626,0.000000
-0.000000,-0.000000,0,-0.000483,0.004035,56.256727,-0.000002,-0.000001,56.689648,-0.018772,0.006994,1.344626,0.000000
-0.000000,-0.000000,0,-0.000483,0.004035,56.256727,-0.000002,-0.000001,56.689648,-0.018772,0.006994,1.344626,0.000000
-0.000000,-0.000000,0,-0.000483,0.004035,56.256727,-0.000002,-0.000001,56.689648,-0.018772,0.006994,1.344626,0.000000
-0.000000,-0.000000,0,-0.000483,0.004035,56.256727,-0.000002,-0.000001,56.689648,-0.018772,0.006994,1.344626,0.000000
-0.000000,-0.000000,0,-0.000483,0.004035,56.256727,-0.000002,-0.000001,56.689648,-0.018772,0.006994,1.344626,0.000000
-0.000000,-0.000000,0,-0.000483,0.004035,56.256727,-0.000002,-0.000001,56.689648,-0.018772,0.006994,1.344626,0.000000
-0.000000,-0.000000,0,-0.000483,0.004035,56.256727,-0.000002,-0.000001,56.689648,-0.018772,0.006994,1.344626,0.000000
-0.000000,-0.000000,0,-0.000483,0.004035,56.256727,-0.000002,-0.000001,56.689648,-0.018772,0.006994,1.344626,0.000000
-0.000000,-0.000000,0,-0.000483,0.004035,56.256727,-0.000002,-0.000001,56.689648,-0.018772,0.006994,1.344626,0.000000
-0.000000,-0.000000,0,-0.000483,0.004035,56.256727,-0.000002,-0.000001,56.689648,-0.018772,0.006994,1.344626,0.000000
-0.000000,-0.000000,0,-0.000483,0.004035,56.256727,-0.000002,-0.000001,56.689648,-0.018772,0.006994,1.344626,0.000000
-0.000000,-0.000000,0,-0.000483,0.004035,56.256727,-0.000002,-0.000001,56.689648,-0.018772,0.006994,1.344626,0.000000
-0.000000,-0.000000,0,-0.000483,0.004035,56.256727,-0.000002,-0.000001,56.689648,-0.018772,0.006994,1.344626,0.000000
-0.000000,-0.000000,0,-0.000483,0.004035,56.256727,-0.000002,-0.000001,56.689648,-0.018772,0.006994,1.344626,0.000000
-0.000000,-0.000000,0,-0.000483,0.004035,56.256727,-0.000002,-0.000001,56.689648,-0.018772,0.006994,1.344626,0.000000
-0.000000,-0.000000,0,-0.000483,0.004035,56.256727,-0.000002,-0.000001,56.689648,-0.018772,0.006994,1.344626,0.000000
-0.000000,-0.000000,0,-0.000483,0.004035,56.256727,-0.000002,-0.000001,56.689648,-0.018772,0.006994,1.344626,0.000000
-0.000000,-0.000000,0,-0.000483,0.004035,56.256727,-0.000002,-0.000001,56.689648,-0.018772,0.006994,1.344626,0.000000
-0.000000,-0.000000,0,-0.000483,0.004035,56.256727,-0.000002,-0.000001,56.689648,-0.018772,0.006994,1.344626,0.000000
-0.000000,-0.000000,0,-0.000483,0.004035,56.256727,-0.000002,-0.000001,56.689648,-0.018772,0.006994,1.344626,0.000000
-0.000000,-0.000000,0,-0.000483,0.004035,56.256727,-0.000002,-0.000001,56.689648,-0.018772,0.006994,1.344626,0.000000
-0.000000,-0.000000,0,-0.000483,0.004035,56.256727,-0.000002,-0.000001,56.689648,-0.018772,0.006994,1.344626,0.000000
-0.000000,-0.000000,0,-0.000483,0.004035,56.256727,-0.000002,-0.000001,56.689648,-0.018772,0.006994,1.344626,0.000000
-0.000000,-0.000000,0,-0.000483,0.004035,56.256727,-0.000002,-0.000001,56.689648,-0.018772,0.006994,1.344626,0.000000
-0.000000,-0.000000,0,-0.000483,0.004035,56.256727,-0.000002,-0.000001,56.689648,-0.018772,0.006994,1.344626,0.000000
-0.000000,-0.000000,0,-0.000483,0.004035,56.256727,-0.000002,-0.000001,56.689648,-0.018772,0.006994,1.344626,0.000000
-0.000000,-0.000000,0,-0.000483,0.004035,56.256727,-0.000002,-0.000001