19,-0.000000,0.000000,9.000000,0.004983,216.000000,26.201693,-6.500000,3.000000,0.000000,-6.500000,3.000000,0.000000,-6.500093,3.000000,0.000000
19,-0.000000,0.000000,8.000000,0.004655,205.000000,25.594791,-6.499957,2.999929,0.000022,-6.500000,3.000000,0.000000,-6.500093,3.000000,0.000000
19,-0.000000,0.000000,8.000000,0.004580,210.000000,26.534124,-6.499934,2.999930,0.000016,-6.500000,3.000000,0.000000,-6.500093,3.000000,0.000000
19,-0.000000,0.000000,8.000000,0.004643,210.000000,33.157811,-6.499802,2.999911,0.000002,-6.500000,3.000000,0.000000,-6.500093,3.000000,0.000000
19,-0.000000,0.000000,8.000000,0.004643,211.000000,30.041439,-6.499726,2.999904,0.000001,-6.500000,3.000000,0.000000,-6.500093,3.000000,0.000000
19,-0.000000,0.000000,8.000000,0.004644,210.000000,29.591457,-6.499643,2.999977,0.000005,-6.500000,3.000000,0.000000,-6.500093,3.000000,0.000000
19,-0.000000,0.000000,8.000000,0.004666,209.000000,27.399220,-6.499556,3.000063,0.000005,-6.500000,3.000000,0.000000,-6.500093,3.000000,0.000000
19,-0.000000,0.000000,8.000000,0.004632,205.000000,27.149279,-6.499487,3.000142,-0.000011,-6.500000,3.000000,0.000000,-6.500093,3.000000,0.000000
19,-0.000000,0.000000,8.000000,0.004633,212.000000,26.572486,-6.499387,3.000185,0.000013,-6.500000,3.000000,0.000000,-6.500093,3.000000,0.000000
19,-0.000000,0.000000,8.000000,0.004614,211.000000,25.342844,-6.499241,3.000166,0.000050,-6.500000,3.000000,0.000000,-6.500093,3.000000,0.000000
19,-0.000000,0.000000,8.000000,0.004649,208.000000,26.059538,-6.498934,3.000356,0.000078,-6.500000,3.000000,0.000000,-6.500093,3.000000,0.000000
19,-0.000000,0.000000,8.000000,0.004637,209.000000,27.073722,-6.498788,3.000387,0.000088,-6.500000,3.000000,0.000000,-6.500093,3.000000,0.000000
19,-0.000000,0.000000,8.000000,0.004600,209.000000,26.056242,-6.498697,3.000458,0.000088,-6.500000,3.000000,0.000000,-6.500093,3.000000,0.000000
19,-0.000000,0.000000,8.000000,0.004642,209.000000,26.494125,-6.498533,3.000539,0.000104,-6.500000,3.000000,0.000000,-6.500093,3.000000,0.000000
19,-0.000000,0.000000,8.000000,0.004640,212.000000,27.654270,-6.498379,3.000630,0.000122,-6.500000,3.000000,0.000000,-6.500093,3.000000,0.000000
19,-0.000000,0.000000,8.000000,0.004665,208.000000,28.431774,-6.498213,3.000747,0.000161,-6.500000,3.000000,0.000000,-6.500093,3.000000,0.000000
19,-0.000000,0.000000,8.000000,0.004567,214.000000,27.120938,-6.498084,3.000809,0.000169,-6.500000,3.000000,0.000000,-6.500093,3.000000,0.000000
19,-0.000000,0.000000,8.000000,0.004689,208.000000,26.017609,-6.497954,3.000877,0.000140,-6.500000,3.000000,0.000000,-6.500093,3.000000,0.000000
19,-0.000000,0.000000,8.000000,0.004640,207.000000,26.885292,-6.497827,3.001016,0.000148,-6.500000,3.000000,0.000000,-6.500093,3.000000,0.000000
19,-0.000000,0.000000,8.000000,0.004662,208.000000,26.770653,-6.497557,3.001038,0.000212,-6.500000,3.000000,0.000000,-6.500093,3.000000,0.000000
19,-0.000000,0.000000,8.000000,0.004691,207.000000,28.392188,-6.497555,3.001074,0.000229,-6.500000,3.000000,0.000000,-6.500093,3.000000,0.000000
19,-0.000000,0.000000,8.000000,0.004725,208.000000,26.557080,-6.497435,3.001095,0.000263,-6.500000,3.000000,0.000000,-6.500093,3.000000,0.000000
19,-0.000000,0.000000,8.000000,0.004640,205.000000,25.576937,-6.497382,3.001180,0.000288,-6.500000,3.000000,0.000000,-6.500093,3.000000,0.000000
19,-0.000000,0.000000,8.000000,0.004579,213.000000,25.869382,-6.497215,3.001114,0.000335,-6.500000,3.000000,0.000000,-6.500093,3.000000,0.000000
19,-0.000000,0.000000,8.000000,0.004570,213.000000,26.046142,-6.497019,3.001116,0.000278,-6.500000,3.000000,0.000000,-6.500093,3.000000,0.000000
19,-0.000000,0.000000,8.000000,0.004668,207.000000,25.676831,-6.496948,3.001040,0.000255,-6.500000,3.000000,0.000000,-6.500093,3.000000,0.000000
19,-0.000000,0.000000,8.000000,0.004722,210.000000,26.474553,-6.496861,3.001059,0.000312,-6.500000,3.000000,0.000000,-6.500093,3.000000,0.000000
19,-0.000000,0.000000,8.000000,0.004658,212.000000,27.300489,-6.496786,3.001067,0.000341,-6.500000,3.000000,0.000000,-6.500093,3.000000,0.000000
19,-0.000000,0.000000,8.000000,0.004701,209.000000,26.277333,-6.496687,3.001180,0.000393,-6.500000,3.000000,0.000000,-6.500093,3.000000,0.000000
19,-0.000000,0.000000,8.000000,0.004677,211.000000,26.693300,-6.496537,3.001110,0.000465,-6.500000,3.000000,0.000000,-6.500093,3.000000,0.000000
19,-0.000000,0.000000,8.000000,0.004716,205.000000,27.170683,-6.496484,3.001169,0.000491,-6.500000,3.000000,0.000000,-6.500093,3.000000,0.000000
19,-0.000000,0.000000,8.000000,0.004709,206.000000,26.287728,-6.496371,3.001312,0.000479,-6.500000,3.000000,0.000000,-6.500093,3.000000,0.000000
19,-0.000000,0.000000,8.000000,0.004727,207.000000,27.247008,-6.496382,3.001312,0.000522,-6.500000,3.000000,0.000000,-6.500093,3.000000,0.000000
19,-0.000000,0.000000,8.000000,0.004694,212.000000,26.710033,-6.496278,3.001303,0.000535,-6.500000,3.000000,0.000000,-6.500093,3.000000,0.000000
19,-0.000000,0.000000,8.000000,0.004695,212.000000,26.836278,-6.496135,3.001290,0.000537,-6.500000,3.000000,0.000000,-6.500093,3.000000,0.000000
19,-0.000000,0.000000,8.000000,0.004671,208.000000,26.675594,-6.496156,3.001403,0.000530,-6.500000,3.000000,0.000000,-6.500093,3.000000,0.000000
19,-0.000000,0.000000,8.000000,0.004726,208.000000,28.282759,-6.496068,3.001400,0.000584,-6.500000,3.000000,0.000000,-6.500093,3.000000,0.000000
19,-0.000000,0.000000,8.000000,0.004723,209.000000,26.911501,-6.496056,3.001322,0.000642,-6.500000,3.000000,0.000000,-6.500093,3.000000,0.000000
19,-0.000000,0.000000,8.000000,0.004625,215.000000,27.223792,-6.496005,3.001382,0.000668,-6.500000,3.000000,0.000000,-6.500093,3.000000,0.000000
19,-0.000000,0.000000,8.000000,0.004606,208.000000,28.362796,-6.495986,3.001414,0.000684,-6.500000,3.000000,0.000000,-6.500093,3.000000,0.000000
19,-0.000000,0.000000,8.000000,0.004734,208.000000,30.794831,-6.495865,3.001378,0.000590,-6.500000,3.000000,0.000000,-6.500093,3.000000,0.000000
19,-0.000000,0.000000,8.000000,0.004667,211.000000,29.759269,-6.495793,3.001333,0.000649,-6.500000,3.000000,0.000000,-6.500093,3.000000,0.000000
19,-0.000000,0.000000,8.000000,0.004696,206.000000,27.607374,-6.495769,3.001384,0.000675,-6.500000,3.000000,0.000000,-6.500093,3.000000,0.000000
19,-0.000000,0.000000,8.000000,0.004597,207.000000,26.014587,-6.495633,3.001315,0.000692,-6.500000,3.000000,0.000000,-6.500093,3.000000,0.000000
19,-0.000000,0.000000,8.000000,0.004653,207.000000,26.966516,-6.495461,3.001288,0.000610,-6.500000,3.000000,0.000000,-6.500093,3.000000,0.000000
19,-0.000000,0.000000,8.000000,0.004606,213.000000,27.691591,-6.495382,3.001271,0.000558,-6.500000,3.000000,0.000000,-6.500093,3.000000,0.000000
19,-0.000000,0.000000,8.000000,0.004707,208.000000,26.563615,-6.495346,3.001409,0.000447,-6.500000,3.000000,0.000000,-6.500093,3.000000,0.000000
19,-0.000000,0.000000,8.000000,0.004666,206.000000,29.617812,-6.495316,3.001447,0.000434,-6.500000,3.000000,0.000000,-6.500093,3.000000,0.000000
19,-0.000000,0.000000,8.000000,0.004686,207.000000,27.296980,-6.495332,3.001427,0.000438,-6.500000,3.000000,0.000000,-6.500093,3.000000,0.000000
19,-0.000000,0.000000,8.000000,0.004671,210.000000,29.166233,-6.495174,3.001454,0.000452,-6.500000,3.000000,0.000000,-6.500093,3.000000,0.000000
19,-0.000000,0.000000,8.000000,0.004690,213.000000,26.206693,-6.495066,3.001328,0.000463,-6.500000,3.000000,0.000000,-6.500093,3.000000,0.000000
19,-0.000000,0.000000,8.000000,0.004728,208.000000,26.302304,-6.495066,3.001295,0.000482,-6.500000,3.000000,0.000000,-6.500093,3.000000,0.000000
19,-0.000000,0.000000,8.000000,0.004725,205.000000,25.970479,-6.495166,3.001410,0.000549,-6.500000,3.000000,0.000000,-6.500093,3.000000,0.000000
19,-0.000000,0.000000,8.000000,0.004697,207.000000,25.542426,-6.495161,3.001377,0.000598,-6.500000,3.000000,0.000000,-6.500093,3.000000,0.000000
19,-0.000000,0.000000,8.000000,0.004659,208.000000,26.500254,-6.495111,3.001424,0.000585,-6.500000,3.000000,0.000000,-6.500093,3.000000,0.000000
19,-0.000000,0.000000,8.000000,0.004705,209.000000,26.479386,-6.495004,3.001477,0.000627,-6.500000,3.000000,0.000000,-6.500093,3.000000,0.000000
19,-0.000000,0.000000,8.000000,0.004707,204.000000,25.549125,-6.494969,3.001531,0.000621,-6.500000,3.000000,0.000000,-6.500093,3.000000,0.000000
19,-0.000000,0.000000,8.000000,0.004697,210.000000,25.396764,-6.494833,3.001479,0.000638,-6.500000,3.000000,0.000000,-6.500093,3.000000,0.000000
19,-0.000000,0.000000,8.000000,0.004716,209.000000,26.139955,-6.494762,3.001517,0.000644,-6.500000,3.000000,0.000000,-6.500093,3.000000,0.000000
19,-0.000000,0.000000,8.000000,0.004718,208.000000,26.593817,-6.494794,3.001390,0.000692,-6.500000,3.000000,0.000000,-6.500093,3.000000,0.000000
19,-0.000000,0.000000,8.000000,0.004732,209.000000,27.093704,-6.494756,3.001423,0.000727,-6.500000,3.000000,0.000000,-6.500093,3.000000,0.000000
19,-0.000000,0.000000,8.000000,0.004738,205.000000,25.878588,-6.494568,3.001486,0.000726,-6.500000,3.000000,0.000000,-6.500093,3.000000,0.000000
19,-0.000000,0.000000,8.000000,0.004666,209.000000,26.092885,-6.494672,3.001442,0.000777,-6.500000,3.000000,0.000000,-6.500093,3.000000,0.000000
19,-0.000000,0.000000,8.000000,0.004747,205.000000,25.346157,-6.494486,3.001467,0.000781,-6.500000,3.000000,0.000000,-6.500093,3.000000,0.000000
19,-0.000000,0.000000,8.000000,0.004693,211.000000,26.351116,-6.494423,3.001425,0.000828,-6.500000,3.000000,0.000000,-6.500093,3.000000,0.000000
19,-0.000000,0.000000,8.000000,0.004695,209.000000,26.591526,-6.494483,3.001401,0.000841,-6.500000,3.000000,0.000000,-6.500093,3.000000,0.000000
19,-0.000000,0.000000,8.000000,0.004743,205.000000,27.922016,-6.494402,3.001414,0.000823,-6.500000,3.000000,0.000000,-6.500093,3.000000,0.000000
19,-0.000000,0.000000,8.000000,0.004716,212.000000,27.620571,-6.494275,3.001340,0.000895,-6.500000,3.000000,0.000000,-6.500093,3.000000,0.000000
19,-0.000000,0.000000,8.000000,0.004692,212.000000,27.411304,-6.494295,3.001492,0.000878,-6.500000,3.000000,0.000000,-6.500093,3.000000,0.000000
19,-0.000000,0.000000,8.000000,0.004704,211.000000,27.667599,-6.494213,3.001459,0.000941,-6.500000,3.000000,0.000000,-6.500093,3.000000,0.000000
19,-0.000000,0.000000,8.000000,0.004696,212.000000,28.928005,-6.494083,3.001448,0.000949,-6.500000,3.000000,0.000000,-6.500093,3.000000,0.000000
19,-0.000000,0.000000,8.000000,0.004704,209.000000,27.563933,-6.494133,3.001385,0.000948,-6.500000,3.000000,0.000000,-6.500093,3.000000,0.000000
19,-0.000000,0.000000,8.000000,0.004712,208.000000,26.442682,-6.493926,3.001375,0.000990,-6.500000,3.000000,0.000000,-6.500093,3.000000,0.000000
19,-0.000000,0.000000,8.000000,0.004724,206.000000,27.223017,-6.493938,3.001274,0.001013,-6.500000,3.000000,0.000000,-6.500093,3.000000,0.000000
19,-0.000000,0.000000,8.000000,0.004725,212.000000,26.170506,-6.494011,3.001240,0.000998,-6.500000,3.000000,0.000000,-6.500093,3.000000,0.000000
19,-0.000000,0.000000,8.000000,0.004600,211.000000,27.673868,-6.493746,3.001278,0.000986,-6.500000,3.000000,0.000000,-6.500093,3.000000,0.000000
19,-0.000000,0.000000,8.000000,0.004807,208.000000,26.255766,-6.493582,3.001176,0.000929,-6.500000,3.000000,0.000000,-6.500093,3.000000,0.000000
19,-0.000000,0.000000,8.000000,0.004655,212.000000,27.287683,-6.493598,3.001270,0.000875,-6.500000,3.000000,0.000000,-6.500093,3.000000,0.000000
19,-0.000000,0.000000,8.000000,0.004705,209.000000,27.155746,-6.493447,3.001341,0.000787,-6.500000,3.000000,0.000000,-6.500093,3.000000,0.000000
19,-0.000000,0.000000,8.000000,0.004704,209.000000,26.924248,-6.493242,3.001283,0.000852,-6.500000,3.000000,0.000000,-6.500093,3.000000,0.000000
19,-0.000000,0.000000,8.000000,0.004762,209.000000,26.258357,-6.493206,3.001191,0.000919,-6.500000,3.000000,0.000000,-6.500093,3.000000,0.000000
19,-0.000000,0.000000,8.000000,0.004646,208.000000,26.197214,-6.493169,3.001213,0.000880,-6.500000,3.000000,0.000000,-6.500093,3.000000,0.000000
19,-0.000000,0.000000,8.000000,0.004768,209.000000,27.719310,-6.493129,3.001119,0.000808,-6.500000,3.000000,0.000000,-6.500093,3.000000,0.000000
19,-0.000000,0.000000,8.000000,0.004701,210.000000,25.087987,-6.493163,3.001098,0.000864,-6.500000,3.000000,0.000000,-6.500093,3.000000,0.000000
19,-0.000000,0.000000,8.000000,0.004772,207.000000,26.306283,-6.493104,3.001142,0.000874,-6.500000,3.000000,0.000000,-6.500093,3.000000,0.000000
19,-0.000000,0.000000,8.000000,0.004695,212.000000,25.496093,-6.493000,3.001058,0.000956,-6.500000,3.000000,0.000000,-6.500093,3.000000,0.000000
19,-0.000000,0.000000,8.000000,0.004774,209.000000,27.547999,-6.493021,3.001103,0.000960,-6.500000,3.000000,0.000000,-6.500093,3.000000,0.000000
19,-0.000000,0.000000,8.000000,0.004722,206.000000,27.825765,-6.493160,3.001138,0.001014,-6.500000,3.000000,0.000000,-6.500093,3.000000,0.000000
19,-0.000000,0.000000,8.000000,0.004741,212.000000,26.670594,-6.493100,3.001080,0.001043,-6.500000,3.000000,0.000000,-6.500093,3.000000,0.000000
19,-0.000000,0.000000,8.000000,0.004708,211.000000,25.868438,-6.493199,3.001140,0.001065,-6.500000,3.000000,0.000000,-6.500093,3.000000,0.000000
19,-0.000000,0.000000,8.000000,0.004709,209.000000,26.170255,-6.493223,3.001122,0.001056,-6.500000,3.000000,0.000000,-6.500093,3.000000,0.000000
19,-0.000000,0.000000,8.000000,0.004717,213.000000,26.455513,-6.493312,3.001228,0.001065,-6.500000,3.000000,0.000000,-6.500093,3.000000,0.000000
19,-0.000000,0.000000,8.000000,0.004735,210.000000,26.151036,-6.493393,3.001191,0.001090,-6.500000,3.000000,0.000000,-6.500093,3.000000,0.000000
19,-0.000000,0.000000,8.000000,0.004753,212.000000,26.426504,-6.493461,3.001085,0.001091,-6.500000,3.000000,0.000000,-6.500093,3.000000,0.000000
19,-0.000000,0.000000,8.000000,0.004742,214.000000,25.946575,-6.493544,3.001142,0.001072,-6.500000,3.000000,0.000000,-6.500093,3.000000,0.000000
19,-0.000000,0.000000,8.000000,0.004782,208.000000,26.699311,-6.493557,3.001176,0.001097,-6.500000,3.000000,0.000000,-6.500093,3.000000,0.000000
19,-0.000000,0.000000,8.000000,0.004695,215.000000,26.926251,-6.493734,3.001151,0.001098,-6.500000,3.000000,0.000000,-6.500093,3.000000,0.000000
19,-0.000000,0.000000,8.000000,0.004669,210.000000,26.511808,-6.493729,3.001090,0.001122,-6.500000,3.000000,0.000000,-6.500093,3.000000,0.000000
19,-0.000000,0.000000,8.000000,0.004761,208.000000,30.329254,-6.493620,3.001131,0.001104,-6.500000,3.000000,0.000000,-6.500093,3.000000,0.000000
19,-0.000000,0.000000,8.000000,0.004705,212.000000,28.190192,-6.493536,3.001139,0.001102,-6.500000,3.000000,0.000000,-6.500093,3.000000,0.000000
19,-0.000000,0.000000,8.000000,0.004705,207.000000,27.786039,-6.493477,3.001109,0.001099,-6.500000,3.000000,0.000000,-6.500093,3.000000,0.000000
19,-0.000000,0.000000,8.000000,0.004618,210.000000,26.160627,-6.493380,3.001136,0.001079,-6.500000,3.000000,0.000000,-6.500093,3.000000,0.000000
19,-0.000000,0.000000,8.000000,0.004717,208.000000,26.805251,-6.493244,3.001117,0.001007,-6.500000,3.000000,0.000000,-6.500093,3.000000,0.000000
19,-0.000000,0.000000,8.000000,0.004754,206.000000,27.024188,-6.493207,3.001096,0.000997,-6.500000,3.000000,0.000000,-6.500093,3.000000,0.000000
19,-0.000000,0.000000,8.000000,0.004737,209.000000,26.466668,-6.493107,3.001153,0.001028,-6.500000,3.000000,0.000000,-6.500093,3.000000,0.000000
19,-0.000000,0.000000,8.000000,0.004750,209.000000,27.050434,-6.493135,3.001070,0.001057,-6.500000,3.000000,0.000000,-6.500093,3.000000,0.000000
19,-0.000000,0.000000,8.000000,0.004763,209.000000,27.742921,-6.492978,3.001087,0.001079,-6.500000,3.000000,0.000000,-6.500093,3.000000,0.000000
19,-0.000000,0.000000,8.000000,0.004770,207.000000,27.710735,-6.493020,3.001141,0.001077,-6.500000,3.000000,0.000000,-6.500093,3.000000,0.000000
19,-0.000000,0.000000,8.000000,0.004750,212.000000,27.262040,-6.493168,3.001175,0.001080,-6.500000,3.000000,0.000000,-6.500093,3.000000,0.000000
19,-0.000000,0.000000,8.000000,0.004723,211.000000,26.021100,-6.493115,3.001110,0.001067,-6.500000,3.000000,0.000000,-6.500093,3.000000,0.000000
19,-0.000000,0.000000,8.000000,0.004726,212.000000,26.298416,-6.493114,3.001070,0.001114,-6.500000,3.000000,0.000000,-6.500093,3.000000,0.000000
19,-0.000000,0.000000,8.000000,0.004722,209.000000,26.350524,-6.493208,3.000961,0.001151,-6.500000,3.000000,0.000000,-6.500093,3.000000,0.000000
19,-0.000000,0.000000,8.000000,0.004700,209.000000,27.706974,-6.493204,3.000985,0.001130,-6.500000,3.000000,0.000000,-6.500093,3.000000,0.000000
19,-0.000000,0.000000,8.000000,0.004738,210.000000,27.706958,-6.493077,3.001025,0.001128,-6.500000,3.000000,0.000000,-6.500093,3.000000,0.000000
19,-0.000000,0.000000,8.000000,0.004693,208.000000,28.198927,-6.493019,3.001019,0.001143,-6.500000,3.000000,0.000000,-6.500093,3.000000,0.000000
19,-0.000000,0.000000,8.000000,0.004721,207.000000,26.939091,-6.492924,3.000965,0.001180,-6.500000,3.000000,0.000000,-6.500093,3.000000,0.000000
19,-0.000000,0.000000,8.000000,0.004736,207.000000,26.820471,-6.493037,3.000941,0.001222,-6.500000,3.000000,0.000000,-6.500093,3.000000,0.000000
19,-0.000000,0.000000,8.000000,0.004714,211.000000,26.519872,-6.493037,3.001014,0.001251,-6.500000,3.000000,0.000000,-6.500093,3.000000,0.000000
19,-0.000000,0.000000,8.000000,0.004699,209.000000,31.279459,-6.492928,3.001041,0.001245,-6.500000,3.000000,0.000000,-6.500093,3.000000,0.000000
19,-0.000000,0.000000,8.000000,0.004709,207.000000,27.230670,-6.492773,3.001037,0.001255,-6.500000,3.000000,0.000000,-6.500093,3.000000,0.000000
19,-0.000000,0.000000,8.000000,0.004764,209.000000,30.186540,-6.492767,3.000902,0.001276,-6.500000,3.000000,0.000000,-6.500093,3.000000,0.000000
19,-0.000000,0.000000,8.000000,0.004780,207.000000,30.821335,-6.492706,3.000840,0.001256,-6.500000,3.000000,0.000000,-6.500093,3.000000,0.000000
19,-0.000000,0.000000,8.000000,0.004715,206.000000,28.804243,-6.492793,3.000829,0.001250,-6.500000,3.000000,0.000000,-6.500093,3.000000,0.000000
19,-0.000000,0.000000,8.000000,0.004680,209.000000,30.016005,-6.492661,3.000779,0.001267,-6.500000,3.000000,0.000000,-6.500093,3.000000,0.000000
19,-0.000000,0.000000,8.000000,0.004759,209.000000,27.050227,-6.492445,3.000778,0.001127,-6.500000,3.000000,0.000000,-6.500093,3.000000,0.000000
19,-0.000000,0.000000,8.000000,0.004765,207.000000,26.366866,-6.492356,3.000834,0.001137,-6.500000,3.000000,0.000000,-6.500093,3.000000,0.000000
19,-0.000000,0.000000,8.000000,0.004761,211.000000,27.729598,-6.492376,3.000913,0.001124,-6.500000,3.000000,0.000000,-6.500093,3.000000,0.000000
19,-0.000000,0.000000,8.000000,0.004679,211.000000,29.327853,-6.492431,3.000891,0.001125,-6.500000,3.000000,0.000000,-6.500093,3.000000,0.000000
19,-0.000000,0.000000,8.000000,0.004799,207.000000,27.704399,-6.492208,3.000913,0.001118,-6.500000,3.000000,0.000000,-6.500093,3.000000,0.000000
19,-0.000000,0.000000,8.000000,0.004744,209.000000,26.811131,-6.492317,3.000900,0.001118,-6.500000,3.000000,0.000000,-6.500093,3.000000,0.000000
19,-0.000000,0.000000,8.000000,0.004790,205.000000,26.217766,-6.492351,3.000919,0.001147,-6.500000,3.000000,0.000000,-6.500093,3.000000,0.000000
19,-0.000000,0.000000,8.000000,0.004740,210.000000,26.931944,-6.492445,3.000923,0.001182,-6.500000,3.000000,0.000000,-6.500093,3.000000,0.000000
19,-0.000000,0.000000,8.000000,0.004581,213.000000,32.452594,-6.492569,3.000988,0.001148,-6.500000,3.000000,0.000000,-6.500093,3.000000,0.000000
19,-0.000000,0.000000,8.000000,0.004737,212.000000,27.076959,-6.492500,3.000840,0.001061,-6.500000,3.000000,0.000000,-6.500093,3.000000,0.000000
19,-0.000000,0.000000,8.000000,0.004752,208.000000,26.279755,-6.492679,3.000875,0.001087,-6.500000,3.000000,0.000000,-6.500093,3.000000,0.000000
19,-0.000000,0.000000,8.000000,0.004717,208.000000,27.468168,-6.492562,3.000845,0.001118,-6.500000,3.000000,0.000000,-6.500093,3.000000,0.000000
19,-0.000000,0.000000,8.000000,0.004780,207.000000,26.131643,-6.492619,3.000874,0.001111,-6.500000,3.000000,0.000000,-6.500093,3.000000,0.000000
19,-0.000000,0.000000,8.000000,0.004740,209.000000,26.112826,-6.492643,3.000772,0.001164,-6.500000,3.000000,0.000000,-6.500093,3.000000,0.000000
19,-0.000000,0.000000,8.000000,0.004771,205.000000,27.161081,-6.492650,3.000750,0.001179,-6.500000,3.000000,0.000000,-6.500093,3.000000,0.000000
19,-0.000000,0.000000,8.000000,0.004744,211.000000,26.884343,-6.492603,3.000755,0.001176,-6.500000,3.000000,0.000000,-6.500093,3.000000,0.000000
19,-0.000000,0.000000,8.000000,0.004719,208.000000,27.210994,-6.492575,3.000740,0.001191,-6.500000,3.000000,0.000000,-6.500093,3.000000,0.000000
19,-0.000000,0.000000,8.000000,0.004698,209.000000,27.592817,-6.492514,3.000708,0.001204,-6.500000,3.000000,0.000000,-6.500093,3.000000,0.000000
19,-0.000000,0.000000,8.000000,0.004643,206.000000,25.996033,-6.492482,3.000698,0.001163,-6.500000,3.000000,0.000000,-6.500093,3.000000,0.000000
19,-0.000000,0.000000,8.000000,0.004745,212.000000,27.695498,-6.492244,3.000607,0.001109,-6.500000,3.000000,0.000000,-6.500093,3.000000,0.000000
19,-0.000000,0.000000,8.000000,0.004680,209.000000,28.038429,-6.492360,3.000680,0.001079,-6.500000,3.000000,0.000000,-6.500093,3.000000,0.000000
19,-0.000000,0.000000,8.000000,0.004752,209.000000,26.925740,-6.492333,3.000710,0.001036,-6.500000,3.000000,0.000000,-6.500093,3.000000,0.000000
19,-0.000000,0.000000,8.000000,0.004713,212.000000,27.522947,-6.492435,3.000701,0.001049,-6.500000,3.000000,0.000000,-6.500093,3.000000,0.000000
19,-0.000000,0.000000,8.000000,0.004712,209.000000,26.998730,-6.492373,3.000638,0.001078,-6.500000,3.000000,0.000000,-6.500093,3.000000,0.000000
19,-0.000000,0.000000,8.000000,0.004711,204.000000,27.770151,-6.492374,3.000817,0.001042,-6.500000,3.000000,0.000000,-6.500093,3.000000,0.000000
19,-0.000000,0.000000,8.000000,0.004757,210.000000,26.195456,-6.492161,3.000832,0.001013,-6.500000,3.000000,0.000000,-6.500093,3.000000,0.000000
19,-0.000000,0.000000,8.000000,0.004761,209.000000,31.203944,-6.492274,3.000762,0.001047,-6.500000,3.000000,0.000000,-6.500093,3.000000,0.000000
19,-0.000000,0.000000,8.000000,0.004724,207.000000,27.796631,-6.492337,3.000752,0.001141,-6.500000,3.000000,0.000000,-6.500093,3.000000,0.000000
19,-0.000000,0.000000,8.000000,0.004731,210.000000,28.195176,-6.492262,3.000789,0.001145,-6.500000,3.000000,0.000000,-6.500093,3.000000,0.000000
19,-0.000000,0.000000,8.000000,0.004735,211.000000,27.232084,-6.492162,3.000757,0.001178,-6.500000,3.000000,0.000000,-6.500093,3.000000,0.000000
19,-0.000000,0.000000,8.000000,0.004760,210.000000,29.527993,-6.492135,3.000764,0.001179,-6.500000,3.000000,0.000000,-6.500093,3.000000,0.000000
19,-0.000000,0.000000,8.000000,0.004777,206.000000,28.029405,-6.492334,3.000726,0.001186,-6.500000,3.000000,0.000000,-6.500093,3.000000,0.000000
19,-0.000000,0.000000,8.000000,0.004739,207.000000,26.025689,-6.492244,3.000765,0.001129,-6.500000,3.000000,0.000000,-6.500093,3.000000,0.000000
19,-0.000000,0.000000,8.000000,0.004752,208.000000,25.664352,-6.492288,3.000842,0.001103,-6.500000,3.000000,0.000000,-6.500093,3.000000,0.000000
19,-0.000000,0.000000,8.000000,0.004788,209.000000,26.332051,-6.492313,3.000899,0.001103,-6.500000,3.000000,0.000000,-6.500093,3.000000,0.000000
19,-0.000000,0.000000,8.000000,0.004762,206.000000,26.304631,-6.492290,3.000872,0.001127,-6.500000,3.000000,0.000000,-6.500093,3.000000,0.000000
19,-0.000000,0.000000,8.000000,0.004717,210.000000,26.198133,-6.492365,3.000994,0.001108,-6.500000,3.000000,0.000000,-6.500093,3.000000,0.000000
19,-0.000000,0.000000,8.000000,0.004746,209.000000,28.025610,-6.492529,3.000986,0.001108,-6.500000,3.000000,0.000000,-6.500093,3.000000,0.000000
19,-0.000000,0.000000,8.000000,0.004722,208.000000,27.623105,-6.492470,3.000991,0.001086,-6.500000,3.000000,0.000000,-6.500093,3.000000,0.000000
19,-0.000000,0.000000,8.000000,0.004776,208.000000,28.515593,-6.492451,3.000933,0.001078,-6.500000,3.000000,0.000000,-6.500093,3.000000,0.000000
19,-0.000000,0.000000,8.000000,0.004761,203.000000,28.906485,-6.492304,3.001020,0.001020,-6.500000,3.000000,0.000000,-6.500093,3.000000,0.000000
19,-0.000000,0.000000,8.000000,0.004765,208.000000,29.433827,-6.492217,3.001141,0.000993,-6.500000,3.000000,0.000000,-6.500093,3.000000,0.000000
19,-0.000000,0.000000,8.000000,0.004786,207.000000,27.345360,-6.492025,3.001112,0.001056,-6.500000,3.000000,0.000000,-6.500093,3.000000,0.000000
19,-0.000000,0.000000,8.000000,0.004730,212.000000,27.745378,-6.492009,3.001111,0.001049,-6.500000,3.000000,0.000000,-6.500093,3.000000,0.000000
19,-0.000000,0.000000,8.000000,0.004789,210.000000,26.220930,-6.491982,3.001100,0.001062,-6.500000,3.000000,0.000000,-6.500093,3.000000,0.000000
19,-0.000000,0.000000,8.000000,0.004736,207.000000,27.499946,-6.491986,3.001116,0.001078,-6.500000,3.000000,0.000000,-6.500093,3.000000,0.000000
19,-0.000000,0.000000,8.000000,0.004718,209.000000,27.974227,-6.491956,3.001194,0.001077,-6.500000,3.000000,0.000000,-6.500093,3.000000,0.000000
19,-0.000000,0.000000,8.000000,0.004754,209.000000,28.603965,-6.491863,3.001085,0.001117,-6.500000,3.000000,0.000000,-6.500093,3.000000,0.000000
19,-0.000000,0.000000,8.000000,0.004741,210.000000,27.780684,-6.491748,3.001097,0.001079,-6.500000,3.000000,0.000000,-6.500093,3.000000,0.000000
19,-0.000000,0.000000,8.000000,0.004736,210.000000,26.473016,-6.491595,3.001052,0.001090,-6.500000,3.000000,0.000000,-6.500093,3.000000,0.000000
19,-0.000000,0.000000,8.000000,0.004765,209.000000,26.172915,-6.491570,3.001055,0.001092,-6.500000,3.000000,0.000000,-6.500093,3.000000,0.000000
19,-0.000000,0.000000,8.000000,0.004751,206.000000,27.405308,-6.491625,3.000982,0.001087,-6.500000,3.000000,0.000000,-6.500093,3.000000,0.000000
19,-0.000000,0.000000,8.000000,0.004769,210.000000,26.427941,-6.491651,3.000871,0.001117,-6.500000,3.000000,0.000000,-6.500093,3.000000,0.000000
19,-0.000000,0.000000,8.000000,0.004739,212.000000,27.383897,-6.491713,3.000794,0.001141,-6.500000,3.000000,0.000000,-6.500093,3.000000,0.000000
19,-0.000000,0.000000,8.000000,0.004787,208.000000,26.246775,-6.491818,3.000844,0.001174,-6.500000,3.000000,0.000000,-6.500093,3.000000,0.000000
19,-0.000000,0.000000,8.000000,0.004763,204.000000,26.314868,-6.491855,3.000880,0.001161,-6.500000,3.000000,0.000000,-6.500093,3.000000,0.000000
19,-0.000000,0.000000,8.000000,0.004723,210.000000,27.846340,-6.491823,3.000890,0.001156,-6.500000,3.000000,0.000000,-6.500093,3.000000,0.000000
19,-0.000000,0.000000,8.000000,0.004789,208.000000,25.552232,-6.491694,3.000911,0.001081,-6.500000,3.000000,0.000000,-6.500093,3.000000,0.000000
19,-0.000000,0.000000,8.000000,0.004746,210.000000,29.194492,-6.491753,3.000851,0.001064,-6.500000,3.000000,0.000000,-6.500093,3.000000,0.000000
19,-0.000000,0.000000,8.000000,0.004653,212.000000,26.222685,-6.491820,3.000858,0.001108,-6.500000,3.000000,0.000000,-6.500093,3.000000,0.000000
19,-0.000000,0.000000,8.000000,0.004650,209.000000,26.662847,-6.491725,3.000844,0.001035,-6.500000,3.000000,0.000000,-6.500093,3.000000,0.000000
19,-0.000000,0.000000,8.000000,0.004760,211.000000,31.799528,-6.491629,3.000776,0.000963,-6.500000,3.000000,0.000000,-6.500093,3.000000,0.000000
19,-0.000000,0.000000,8.000000,0.004654,209.000000,27.930140,-6.491648,3.000764,0.001007,-6.500000,3.000000,0.000000,-6.500093,3.000000,0.000000
19,-0.000000,0.000000,8.000000,0.004772,206.000000,28.613341,-6.491577,3.000749,0.000954,-6.500000,3.000000,0.000000,-6.500093,3.000000,0.000000
19,-0.000000,0.000000,8.000000,0.004746,214.000000,28.345440,-6.491662,3.000835,0.001010,-6.500000,3.000000,0.000000,-6.500093,3.000000,0.000000
19,-0.000000,0.000000,8.000000,0.004781,210.000000,26.416989,-6.491796,3.000858,0.001074,-6.500000,3.000000,0.000000,-6.500093,3.000000,0.000000
19,-0.000000,0.000000,8.000000,0.004726,206.000000,27.091218,-6.491896,3.000906,0.001128,-6.500000,3.000000,0.000000,-6.500093,3.000000,0.000000
19,-0.000000,0.000000,8.000000,0.004765,209.000000,26.340803,-6.491827,3.000951,0.001134,-6.500000,3.000000,0.000000,-6.500093,3.000000,0.000000
19,-0.000000,0.000000,8.000000,0.004712,208.000000,26.289545,-6.491778,3.000985,0.001128,-6.500000,3.000000,0.000000,-6.500093,3.000000,0.000000
19,-0.000000,0.000000,8.000000,0.004758,210.000000,26.730502,-6.491753,3.001064,0.001083,-6.500000,3.000000,0.000000,-6.500093,3.000000,0.000000
19,-0.000000,0.000000,8.000000,0.004736,206.000000,27.378487,-6.491652,3.001059,0.001089,-6.500000,3.000000,0.000000,-6.500093,3.000000,0.000000
19,-0.000000,0.000000,8.000000,0.004714,212.000000,25.718668,-6.491682,3.001054,0.001137,-6.500000,3.000000,0.000000,-6.500093,3.000000,0.000000
19,-0.000000,0.000000,8.000000,0.004646,210.000000,25.775133,-6.491593,3.001044,0.001153,-6.500000,3.000000,0.000000,-6.500093,3.000000,0.000000
19,-0.000000,0.000000,8.000000,0.004725,208.000000,26.201461,-6.491622,3.000941,0.001120,-6.500000,3.000000,0.000000,-6.500093,3.000000,0.000000
19,-0.000000,0.000000,8.000000,0.004768,210.000000,26.398096,-6.491583,3.000889,0.001122,-6.500000,3.000000,0.000000,-6.500093,3.000000,0.000000
19,-0.000000,0.000000,8.000000,0.004758,211.000000,26.342005,-6.491610,3.000870,0.001155,-6.500000,3.000000,0.000000,-6.500093,3.000000,0.000000
19,-0.000000,0.000000,8.000000,0.004720,213.000000,24.696505,-6.491598,3.000977,0.001110,-6.500000,3.000000,0.000000,-6.500093,3.000000,0.000000
19,-0.000000,0.000000,8.000000,0.004758,212.000000,27.089029,-6.491586,3.000781,0.001039,-6.500000,3.000000,0.000000,-6.500093,3.000000,0.000000
19,-0.000000,0.000000,8.000000,0.004759,207.000000,27.206898,-6.491642,3.000830,0.001027,-6.500000,3.000000,0.000000,-6.500093,3.000000,0.000000
19,-0.000000,0.000000,8.000000,0.004796,209.000000,25.837187,-6.491623,3.000912,0.001018,-6.500000,3.000000,0.000000,-6.500093,3.000000,0.000000
19,-0.000000,0.000000,8.000000,0.004707,215.000000,25.811649,-6.491777,3.000854,0.001056,-6.500000,3.000000,0.000000,-6.500093,3.000000,0.000000
19,-0.000000,0.000000,8.000000,0.004762,208.000000,26.159150,-6.491834,3.000780,0.001088,-6.500000,3.000000,0.000000,-6.500093,3.000000,0.000000
19,-0.000000,0.000000,8.000000,0.004752,209.000000,27.497397,-6.491791,3.000835,0.001079,-6.500000,3.000000,0.000000,-6.500093,3.000000,0.000000
19,-0.000000,0.000000,8.000000,0.004765,211.000000,25.739426,-6.491780,3.000783,0.001086,-6.500000,3.000000,0.000000,-6.500093,3.000000,0.000000
19,-0.000000,0.000000,8.000000,0.004727,211.000000,26.061142,-6.491938,3.000841,0.001112,-6.500000,3.000000,0.000000,-6.500093,3.000000,0.000000
19,-0.000000,0.000000,8.000000,0.004744,207.000000,26.171645,-6.491894,3.000801,0.001081,-6.500000,3.000000,0.000000,-6.500093,3.000000,0.000000
19,-0.000000,0.000000,8.000000,0.004729,206.000000,26.318114,-6.491921,3.000785,0.001128,-6.500000,3.000000,0.000000,-6.500093,3.000000,0.000000
19,-0.000000,0.000000,8.000000,0.004770,206.000000,26.047676,-6.491907,3.000792,0.001160,-6.500000,3.000000,0.000000,-6.500093,3.000000,0.000000
19,-0.000000,0.000000,8.000000,0.004759,207.000000,25.299137,-6.491957,3.000790,0.001158,-6.500000,3.000000,0.000000,-6.500093,3.000000,0.000000
19,-0.000000,0.000000,8.000000,0.004742,211.000000,25.945245,-6.492014,3.000717,0.001217,-6.500000,3.000000,0.000000,-6.500093,3.000000,0.000000
19,-0.000000,0.000000,8.000000,0.004748,213.000000,26.970730,-6.491975,3.000742,0.001248,-6.500000,3.000000,0.000000,-6.500093,3.000000,0.000000
19,-0.000000,0.000000,8.000000,0.004704,214.000000,25.939128,-6.491947,3.000756,0.001270,-6.500000,3.000000,0.000000,-6.500093,3.000000,0.000000
19,-0.000000,0.000000,8.000000,0.004734,212.000000,25.690322,-6.492027,3.000748,0.001291,-6.500000,3.000000,0.000000,-6.500093,3.000000,0.000000
19,-0.000000,0.000000,8.000000,0.004768,210.000000,24.408536,-6.491983,3.000738,0.001300,-6.500000,3.000000,0.000000,-6.500093,3.000000,0.000000
19,-0.000000,0.000000,8.000000,0.004731,210.000000,27.787904,-6.492033,3.000763,0.001297,-6.500000,3.000000,0.000000,-6.500093,3.000000,0.000000
19,-0.000000,0.000000,8.000000,0.004636,210.000000,26.056608,-6.491959,3.000684,0.001292,-6.500000,3.000000,0.000000,-6.500093,3.000000,0.000000
19,-0.000000,0.000000,8.000000,0.004782,207.000000,26.409230,-6.491898,3.000688,0.001189,-6.500000,3.000000,0.000000,-6.500093,3.000000,0.000000
19,-0.000000,0.000000,8.000000,0.004638,207.000000,25.316409,-6.491860,3.000663,0.001207,-6.500000,3.000000,0.000000,-6.500093,3.000000,0.000000
19,-0.000000,0.000000,8.000000,0.004771,209.000000,25.346448,-6.491557,3.000570,0.001123,-6.500000,3.000000,0.000000,-6.500093,3.000000,0.000000
19,-0.000000,0.000000,8.000000,0.004649,214.000000,26.833356,-6.491660,3.000580,0.001150,-6.500000,3.000000,0.000000,-6.500093,3.000000,0.000000
19,-0.000000,0.000000,8.000000,0.004779,208.000000,26.591770,-6.491703,3.000489,0.001131,-6.500000,3.000000,0.000000,-6.500093,3.000000,0.000000
19,-0.000000,0.000000,8.000000,0.004774,210.000000,26.384193,-6.491667,3.000497,0.001144,-6.500000,3.000000,0.000000,-6.500093,3.000000,0.000000
19,-0.000000,0.000000,8.000000,0.004658,212.000000,25.633615,-6.491672,3.000492,0.001195,-6.500000,3.000000,0.000000,-6.500093,3.000000,0.000000
19,-0.000000,0.000000,8.000000,0.004721,211.000000,26.936194,-6.491686,3.000521,0.001124,-6.500000,3.000000,0.000000,-6.500093,3.000000,0.000000
19,-0.000000,0.000000,8.000000,0.004739,212.000000,25.289879,-6.491669,3.000419,0.001123,-6.500000,3.000000,0.000000,-6.500093,3.000000,0.000000
19,-0.000000,0.000000,8.000000,0.004757,212.000000,26.738360,-6.491736,3.000538,0.001138,-6.500000,3.000000,0.000000,-6.500093,3.000000,0.000000
19,-0.000000,0.000000,8.000000,0.004610,214.000000,29.110076,-6.491779,3.000555,0.001117,-6.500000,3.000000,0.000000,-6.500093,3.000000,0.000000
19,-0.000000,0.000000,8.000000,0.004785,208.000000,27.282222,-6.491703,3.000482,0.001040,-6.500000,3.000000,0.000000,-6.500093,3.000000,0.000000
19,-0.000000,0.000000,8.000000,0.004737,209.000000,25.668640,-6.491841,3.000416,0.001075,-6.500000,3.000000,0.000000,-6.500093,3.000000,0.000000
19,-0.000000,0.000000,8.000000,0.004776,210.000000,25.699622,-6.491821,3.000358,0.001100,-6.500000,3.000000,0.000000,-6.500093,3.000000,0.000000
19,-0.000000,0.000000,8.000000,0.004629,211.000000,25.675788,-6.491833,3.000363,0.001111,-6.500000,3.000000,0.000000,-6.500093,3.000000,0.000000
19,-0.000000,0.000000,8.000000,0.004760,210.000000,26.652959,-6.491708,3.000463,0.001015,-6.500000,3.000000,0.000000,-6.500093,3.000000,0.000000
19,-0.000000,0.000000,8.000000,0.004749,210.000000,25.829665,-6.491688,3.000489,0.001023,-6.500000,3.000000,0.000000,-6.500093,3.000000,0.000000
19,-0.000000,0.000000,8.000000,0.004805,207.000000,25.758549,-6.491646,3.000463,0.001042,-6.500000,3.000000,0.000000,-6.500093,3.000000,0.000000
19,-0.000000,0.000000,8.000000,0.004774,208.000000,30.518228,-6.491691,3.000447,0.001078,-6.500000,3.000000,0.000000,-6.500093,3.000000,0.000000
19,-0.000000,0.000000,8.000000,0.004775,205.000000,26.842097,-6.491724,3.000469,0.001138,-6.500000,3.000000,0.000000,-6.500093,3.000000,0.000000
19,-0.000000,0.000000,8.000000,0.004744,208.000000,26.609772,-6.491752,3.000466,0.001175,-6.500000,3.000000,0.000000,-6.500093,3.000000,0.000000
19,-0.000000,0.000000,8.000000,0.004761,208.000000,27.176574,-6.491860,3.000431,0.001221,-6.500000,3.000000,0.000000,-6.500093,3.000000,0.000000
19,-0.000000,0.000000,8.000000,0.004745,206.000000,25.877007,-6.491936,3.000459,0.001225,-6.500000,3.000000,0.000000,-6.500093,3.000000,0.000000
19,-0.000000,0.000000,8.000000,0.004745,211.000000,26.591173,-6.491860,3.000494,0.001255,-6.500000,3.000000,0.000000,-6.500093,3.000000,0.000000
19,-0.000000,0.000000,8.000000,0.004748,209.000000,27.224301,-6.491839,3.000579,0.001238,-6.500000,3.000000,0.000000,-6.500093,3.000000,0.000000
19,-0.000000,0.000000,8.000000,0.004726,207.000000,26.843936,-6.491873,3.000562,0.001227,-6.500000,3.000000,0.000000,-6.500093,3.000000,0.000000
19,-0.000000,0.000000,8.000000,0.004769,213.000000,26.553450,-6.491646,3.000678,0.001204,-6.500000,3.000000,0.000000,-6.500093,3.000000,0.000000
19,-0.000000,0.000000,8.000000,0.004779,208.000000,25.955499,-6.491642,3.000726,0.001198,-6.500000,3.000000,0.000000,-6.500093,3.000000,0.000000
19,-0.000000,0.000000,8.000000,0.004731,212.000000,27.025687,-6.491652,3.000785,0.001161,-6.500000,3.000000,0.000000,-6.500093,3.000000,0.000000
19,-0.000000,0.000000,8.000000,0.004747,211.000000,27.614141,-6.491705,3.000805,0.001139,-6.500000,3.000000,0.000000,-6.500093,3.000000,0.000000
19,-0.000000,0.000000,8.000000,0.004725,210.000000,28.889921,-6.491736,3.000796,0.001110,-6.500000,3.000000,0.000000,-6.500093,3.000000,0.000000
19,-0.000000,0.000000,8.000000,0.004769,205.000000,33.020598,-6.491710,3.000891,0.001081,-6.500000,3.000000,0.000000,-6.500093,3.000000,0.000000
19,-0.000000,0.000000,8.000000,0.004822,208.000000,26.092226,-6.491590,3.000942,0.001064,-6.500000,3.000000,0.000000,-6.500093,3.000000,0.000000
19,-0.000000,0.000000,8.000000,0.004775,213.000000,26.397515,-6.491588,3.001023,0.001087,-6.500000,3.000000,0.000000,-6.500093,3.000000,0.000000
19,-0.000000,0.000000,8.000000,0.004776,204.000000,26.093096,-6.491569,3.000895,0.001139,-6.500000,3.000000,0.000000,-6.500093,3.000000,0.000000
19,-0.000000,0.000000,8.000000,0.004627,211.000000,25.489951,-6.491540,3.000971,0.001137,-6.500000,3.000000,0.000000,-6.500093,3.000000,0.000000
19,-0.000000,0.000000,8.000000,0.004759,209.000000,26.904126,-6.491456,3.001022,0.001006,-6.500000,3.000000,0.000000,-6.500093,3.000000,0.000000
19,-0.000000,0.000000,8.000000,0.004745,212.000000,26.851434,-6.491434,3.000957,0.001027,-6.500000,3.000000,0.000000,-6.500093,3.000000,0.000000
19,-0.000000,0.000000,8.000000,0.004739,210.000000,26.304190,-6.491437,3.001000,0.001038,-6.500000,3.000000,0.000000,-6.500093,3.000000,0.000000
19,-0.000000,0.000000,8.000000,0.004768,208.000000,28.362019,-6.491290,3.000947,0.001010,-6.500000,3.000000,0.000000,-6.500093,3.000000,0.000000
19,-0.000000,0.000000,8.000000,0.004702,209.000000,29.673064,-6.491321,3.001021,0.001017,-6.500000,3.000000,0.000000,-6.500093,3.000000,0.000000
19,-0.000000,0.000000,8.000000,0.004741,208.000000,26.313072,-6.491370,3.000952,0.000963,-6.500000,3.000000,0.000000,-6.500093,3.000000,0.000000
19,-0.000000,0.000000,8.000000,0.004777,206.000000,26.071830,-6.491472,3.000926,0.001024,-6.500000,3.000000,0.000000,-6.500093,3.000000,0.000000
19,-0.000000,0.000000,8.000000,0.004775,208.000000,27.252538,-6.491432,3.000916,0.001028,-6.500000,3.000000,0.000000,-6.500093,3.000000,0.000000
19,-0.000000,0.000000,8.000000,0.004748,210.000000,25.360414,-6.491598,3.000843,0.001069,-6.500000,3.000000,0.000000,-6.500093,3.000000,0.000000
19,-0.000000,0.000000,8.000000,0.004743,208.000000,24.752599,-6.491616,3.000882,0.001095,-6.500000,3.000000,0.000000,-6.500093,3.000000,0.000000
19,-0.000000,0.000000,8.000000,0.004751,210.000000,27.060455,-6.491556,3.000881,0.001168,-6.500000,3.000000,0.000000,-6.500093,3.000000,0.000000
19,-0.000000,0.000000,8.000000,0.004755,210.000000,26.287707,-6.491621,3.000888,0.001189,-6.500000,3.000000,0.000000,-6.500093,3.000000,0.000000
19,-0.000000,0.000000,8.000000,0.004656,210.000000,26.290839,-6.491814,3.000892,0.001171,-6.500000,3.000000,0.000000,-6.500093,3.000000,0.000000
19,-0.000000,0.000000,8.000000,0.004593,214.000000,26.536025,-6.491756,3.000862,0.001070,-6.500000,3.000000,0.000000,-6.500093,3.000000,0.000000
19,-0.000000,0.000000,8.000000,0.004774,205.000000,26.649407,-6.491551,3.000773,0.001026,-6.500000,3.000000,0.000000,-6.500093,3.000000,0.000000
19,-0.000000,0.000000,8.000000,0.004706,211.000000,26.301369,-6.491501,3.000769,0.001025,-6.500000,3.000000,0.000000,-6.500093,3.000000,0.000000
19,-0.000000,0.000000,8.000000,0.004752,212.000000,26.035920,-6.491460,3.000803,0.001061,-6.500000,3.000000,0.000000,-6.500093,3.000000,0.000000
19,-0.000000,0.000000,8.000000,0.004742,206.000000,26.580750,-6.491481,3.000799,0.001098,-6.500000,3.000000,0.000000,-6.500093,3.000000,0.000000
19,-0.000000,0.000000,8.000000,0.004784,207.000000,25.427213,-6.491453,3.000697,0.001099,-6.500000,3.000000,0.000000,-6.500093,3.000000,0.000000
19,-0.000000,0.000000,8.000000,0.004789,210.000000,25.289645,-6.491414,3.000775,0.001083,-6.500000,3.000000,0.000000,-6.500093,3.000000,0.000000
19,-0.000000,0.000000,8.000000,0.004702,207.000000,26.495599,-6.491462,3.000818,0.001078,-6.500000,3.000000,0.000000,-6.500093,3.000000,0.000000
19,-0.000000,0.000000,8.000000,0.004760,209.000000,26.836919,-6.491184,3.000933,0.001044,-6.500000,3.000000,0.000000,-6.500093,3.000000,0.000000
19,-0.000000,0.000000,8.000000,0.004761,212.000000,25.518706,-6.491285,3.000936,0.001067,-6.500000,3.000000,0.000000,-6.500093,3.000000,0.000000
19,-0.000000,0.000000,8.000000,0.004742,208.000000,26.530213,-6.491457,3.000941,0.001073,-6.500000,3.000000,0.000000,-6.500093,3.000000,0.000000
19,-0.000000,0.000000,8.000000,0.004768,212.000000,28.165451,-6.491409,3.000878,0.001121,-6.500000,3.000000,0.000000,-6.500093,3.000000,0.000000
19,-0.000000,0.000000,8.000000,0.004756,210.000000,26.588985,-6.491457,3.000932,0.001092,-6.500000,3.000000,0.000000,-6.500093,3.000000,0.000000
19,-0.000000,0.000000,8.000000,0.004723,212.000000,26.763136,-6.491515,3.000912,0.001099,-6.500000,3.000000,0.000000,-6.500093,3.000000,0.000000
19,-0.000000,0.000000,8.000000,0.004709,211.000000,27.096203,-6.491552,3.000878,0.001101,-6.500000,3.000000,0.000000,-6.500093,3.000000,0.000000
19,-0.000000,0.000000,8.000000,0.004733,208.000000,27.720426,-6.491501,3.000740,0.001174,-6.500000,3.000000,0.000000,-6.500093,3.000000,0.000000
19,-0.000000,0.000000,8.000000,0.004790,207.000000,26.039354,-6.491526,3.000724,0.001191,-6.500000,3.000000,0.000000,-6.500093,3.000000,0.000000
19,-0.000000,0.000000,8.000000,0.004715,208.000000,27.115727,-6.491522,3.000607,0.001227,-6.500000,3.000000,0.000000,-6.500093,3.000000,0.000000
19,-0.000000,0.000000,8.000000,0.004776,206.000000,27.394801,-6.491508,3.000631,0.001228,-6.500000,3.000000,0.000000,-6.500093,3.000000,0.000000
19,-0.000000,0.000000,8.000000,0.004784,210.000000,26.789694,-6.491459,3.000688,0.001217,-6.500000,3.000000,0.000000,-6.500093,3.000000,0.000000
19,-0.000000,0.000000,8.000000,0.004782,209.000000,26.314437,-6.491495,3.000800,0.001226,-6.500000,3.000000,0.000000,-6.500093,3.000000,0.000000
19,-0.000000,0.000000,8.000000,0.004763,208.000000,25.824883,-6.491487,3.000867,0.001251,-6.500000,3.000000,0.000000,-6.500093,3.000000,0.000000
19,-0.000000,0.000000,8.000000,0.004658,211.000000,27.008826,-6.491414,3.000878,0.001205,-6.500000,3.000000,0.000000,-6.500093,3.000000,0.000000
19,-0.000000,0.000000,8.000000,0.004765,209.000000,28.060403,-6.491362,3.000843,0.001079,-6.500000,3.000000,0.000000,-6.500093,3.000000,0.000000
19,-0.000000,0.000000,8.000000,0.004684,213.000000,25.202010,-6.491588,3.000745,0.001139,-6.500000,3.000000,0.000000,-6.500093,3.000000,0.000000
19,-0.000000,0.000000,8.000000,0.004727,212.000000,26.167741,-6.491442,3.000727,0.001152,-6.500000,3.000000,0.000000,-6.500093,3.000000,0.000000
19,-0.000000,0.000000,8.000000,0.004776,211.000000,26.261295,-6.491378,3.000780,0.001115,-6.500000,3.000000,0.000000,-6.500093,3.000000,0.000000
19,-0.000000,0.000000,8.000000,0.004753,208.000000,26.423349,-6.491425,3.000786,0.001163,-6.500000,3.000000,0.000000,-6.500093,3.000000,0.000000
19,-0.000000,0.000000,8.000000,0.004705,209.000000,26.476441,-6.491330,3.000789,0.001155,-6.500000,3.000000,0.000000,-6.500093,3.000000,0.000000
19,-0.000000,0.000000,8.000000,0.004785,212.000000,26.056929,-6.491239,3.000810,0.001129,-6.500000,3.000000,0.000000,-6.500093,3.000000,0.000000
19,-0.000000,0.000000,8.000000,0.004734,208.000000,26.256389,-6.491150,3.000805,0.001156,-6.500000,3.000000,0.000000,-6.500093,3.000000,0.000000
19,-0.000000,0.000000,8.000000,0.004716,210.000000,26.910568,-6.491036,3.000853,0.001152,-6.500000,3.000000,0.000000,-6.500093,3.000000,0.000000
19,-0.000000,0.000000,8.000000,0.004775,210.000000,26.417851,-6.491032,3.000892,0.001131,-6.500000,3.000000,0.000000,-6.500093,3.000000,0.000000
19,-0.000000,0.000000,8.000000,0.004716,211.000000,25.575723,-6.490974,3.000814,0.001153,-6.500000,3.000000,0.000000,-6.500093,3.000000,0.000000
19,-0.000000,0.000000,8.000000,0.004780,209.000000,25.644750,-6.491167,3.000832,0.001169,-6.500000,3.000000,0.000000,-6.500093,3.000000,0.000000
19,-0.000000,0.000000,8.000000,0.004786,212.000000,25.983807,-6.491400,3.000819,0.001215,-6.500000,3.000000,0.000000,-6.500093,3.000000,0.000000
19,-0.000000,0.000000,8.000000,0.004766,208.000000,26.366211,-6.491498,3.000814,0.001249,-6.500000,3.000000,0.000000,-6.500093,3.000000,0.000000
19,-0.000000,0.000000,8.000000,0.004757,206.000000,26.176912,-6.491449,3.000968,0.001200,-6.500000,3.000000,0.000000,-6.500093,3.000000,0.000000
19,-0.000000,0.000000,8.000000,0.004768,209.000000,26.254728,-6.491378,3.000978,0.001160,-6.500000,3.000000,0.000000,-6.500093,3.000000,0.000000
19,-0.000000,0.000000,8.000000,0.004736,206.000000,25.206161,-6.491353,3.001051,0.001142,-6.500000,3.000000,0.000000,-6.500093,3.000000,0.000000
19,-0.000000,0.000000,8.000000,0.004723,211.000000,25.950752,-6.491369,3.001025,0.001097,-6.500000,3.000000,0.000000,-6.500093,3.000000,0.000000
19,-0.000000,0.000000,8.000000,0.004768,211.000000,26.074846,-6.491337,3.000992,0.001085,-6.500000,3.000000,0.000000,-6.500093,3.000000,0.000000
19,-0.000000,0.000000,8.000000,0.004753,210.000000,28.075495,-6.491519,3.000918,0.001128,-6.500000,3.000000,0.000000,-6.500093,3.000000,0.000000
19,-0.000000,0.000000,8.000000,0.004721,210.000000,27.157324,-6.491570,3.000893,0.001109,-6.500000,3.000000,0.000000,-6.500093,3.000000,0.000000
19,-0.000000,0.000000,8.000000,0.004741,211.000000,26.794978,-6.491417,3.000995,0.001094,-6.500000,3.000000,0.000000,-6.500093,3.000000,0.000000
19,-0.000000,0.000000,8.000000,0.004757,211.000000,27.417075,-6.491337,3.001012,0.001099,-6.500000,3.000000,0.000000,-6.500093,3.000000,0.000000
19,-0.000000,0.000000,8.000000,0.004789,211.000000,27.883751,-6.491320,3.001082,0.001097,-6.500000,3.000000,0.000000,-6.500093,3.000000,0.000000
19,-0.000000,0.000000,8.000000,0.004765,208.000000,27.027611,-6.491278,3.001089,0.001091,-6.500000,3.000000,0.000000,-6.500093,3.000000,0.000000
19,-0.000000,0.000000,8.000000,0.004645,209.000000,26.588223,-6.491271,3.001056,0.001115,-6.500000,3.000000,0.000000,-6.500093,3.000000,0.000000
19,-0.000000,0.000000,8.000000,0.004786,209.000000,29.557047,-6.491215,3.001018,0.000969,-6.500000,3.000000,0.000000,-6.500093,3.000000,0.000000
19,-0.000000,0.000000,8.000000,0.004772,205.000000,26.165329,-6.491215,3.000927,0.000947,-6.500000,3.000000,0.000000,-6.500093,3.000000,0.000000
19,-0.000000,0.000000,8.000000,0.004716,209.000000,26.482962,-6.491255,3.000951,0.000956,-6.500000,3.000000,0.000000,-6.500093,3.000000,0.000000
19,-0.000000,0.000000,8.000000,0.004745,213.000000,26.727642,-6.491196,3.000903,0.000991,-6.500000,3.000000,0.000000,-6.500093,3.000000,0.000000
19,-0.000000,0.000000,8.000000,0.004775,209.000000,27.155528,-6.491369,3.000891,0.001037,-6.500000,3.000000,0.000000,-6.500093,3.000000,0.000000
19,-0.000000,0.000000,8.000000,0.004697,212.000000,26.649419,-6.491416,3.000860,0.001085,-6.500000,3.000000,0.000000,-6.500093,3.000000,0.000000
19,-0.000000,0.000000,8.000000,0.004746,208.000000,27.314182,-6.491369,3.000927,0.001074,-6.500000,3.000000,0.000000,-6.500093,3.000000,0.000000
19,-0.000000,0.000000,8.000000,0.004790,208.000000,26.060950,-6.491205,3.001015,0.001061,-6.500000,3.000000,0.000000,-6.500093,3.000000,0.000000
19,-0.000000,0.000000,8.000000,0.004788,208.000000,27.719098,-6.491262,3.000982,0.001082,-6.500000,3.000000,0.000000,-6.500093,3.000000,0.000000
19,-0.000000,0.000000,8.000000,0.004747,210.000000,25.731858,-6.491256,3.000887,0.001092,-6.500000,3.000000,0.000000,-6.500093,3.000000,0.000000
19,-0.000000,0.000000,8.000000,0.004761,211.000000,27.072175,-6.491334,3.000992,0.001071,-6.500000,3.000000,0.000000,-6.500093,3.000000,0.000000
19,-0.000000,0.000000,8.000000,0.004699,212.000000,27.397417,-6.491247,3.001069,0.001083,-6.500000,3.000000,0.000000,-6.500093,3.000000,0.000000
19,-0.000000,0.000000,8.000000,0.004761,210.000000,26.782987,-6.491124,3.001079,0.001045,-6.500000,3.000000,0.000000,-6.500093,3.000000,0.000000
19,-0.000000,0.000000,8.000000,0.004712,208.000000,27.891378,-6.491017,3.001016,0.001084,-6.500000,3.000000,0.000000,-6.500093,3.000000,0.000000
19,-0.000000,0.000000,8.000000,0.004757,207.000000,26.120004,-6.490973,3.001053,0.000974,-6.500000,3.000000,0.000000,-6.500093,3.000000,0.000000
19,-0.000000,0.000000,8.000000,0.004656,205.000000,25.880726,-6.490980,3.000971,0.000985,-6.500000,3.000000,0.000000,-6.500093,3.000000,0.000000
19,-0.000000,0.000000,8.000000,0.004821,209.000000,27.299233,-6.490896,3.000887,0.000946,-6.500000,3.000000,0.000000,-6.500093,3.000000,0.000000
19,-0.000000,0.000000,8.000000,0.004751,209.000000,27.762641,-6.490982,3.000869,0.000979,-6.500000,3.000000,0.000000,-6.500093,3.000000,0.000000
19,-0.000000,0.000000,8.000000,0.004777,206.000000,30.897404,-6.490932,3.000780,0.000960,-6.500000,3.000000,0.000000,-6.500093,3.000000,0.000000
19,-0.000000,0.000000,8.000000,0.004771,205.000000,25.789115,-6.490974,3.000841,0.000970,-6.500000,3.000000,0.000000,-6.500093,3.000000,0.000000
