15,-0.000000,0.000000,9.000000,0.003895,16709.000000,37.123304,-6.500000,3.000000,0.000000,-6.500000,3.000000,0.000000,-6.500093,3.000000,0.000000
15,-0.000000,0.000000,9.000000,0.003549,16885.000000,39.299684,-6.499962,3.000009,0.000003,-6.500000,3.000000,0.000000,-6.500093,3.000000,0.000000
15,-0.000000,0.000000,10.000000,0.003896,16753.000000,39.345067,-6.499928,3.000132,0.000373,-6.500000,3.000000,0.000000,-6.500093,3.000000,0.000000
15,-0.000000,0.000000,10.000000,0.003957,17039.000000,34.604409,-6.499625,3.000177,0.001015,-6.500000,3.000000,0.000000,-6.500093,3.000000,0.000000
15,-0.000000,0.000000,8.000000,0.003361,16863.000000,35.373274,-6.499061,3.000078,0.001190,-6.500000,3.000000,0.000000,-6.500093,3.000000,0.000000
15,-0.000000,0.000000,9.000000,0.003558,16962.000000,36.519148,-6.499024,3.000158,0.001413,-6.500000,3.000000,0.000000,-6.500093,3.000000,0.000000
15,-0.000000,0.000000,10.000000,0.003948,16940.000000,39.292844,-6.498896,3.000228,0.001655,-6.500000,3.000000,0.000000,-6.500093,3.000000,0.000000
15,-0.000000,0.000000,9.000000,0.003568,16951.000000,36.744560,-6.498706,3.000213,0.001631,-6.500000,3.000000,0.000000,-6.500093,3.000000,0.000000
15,-0.000000,0.000000,10.000000,0.003961,16929.000000,37.675823,-6.498574,3.000367,0.001887,-6.500000,3.000000,0.000000,-6.500093,3.000000,0.000000
15,-0.000000,0.000000,10.000000,0.004072,16962.000000,37.916064,-6.498344,3.000373,0.001824,-6.500000,3.000000,0.000000,-6.500093,3.000000,0.000000
15,-0.000000,0.000000,10.000000,0.003875,16929.000000,36.054567,-6.498125,3.000298,0.001870,-6.500000,3.000000,0.000000,-6.500093,3.000000,0.000000
15,-0.000000,0.000000,9.000000,0.003629,17061.000000,37.104453,-6.498000,3.000290,0.001785,-6.500000,3.000000,0.000000,-6.500093,3.000000,0.000000
15,-0.000000,0.000000,10.000000,0.004115,16885.000000,36.363027,-6.497931,3.000373,0.001949,-6.500000,3.000000,0.000000,-6.500093,3.000000,0.000000
15,-0.000000,0.000000,8.000000,0.003330,16852.000000,35.326241,-6.497731,3.000369,0.001885,-6.500000,3.000000,0.000000,-6.500093,3.000000,0.000000
15,-0.000000,0.000000,10.000000,0.004192,16808.000000,39.872710,-6.497595,3.000330,0.002099,-6.500000,3.000000,0.000000,-6.500093,3.000000,0.000000
15,-0.000000,0.000000,9.000000,0.003770,16973.000000,37.974816,-6.497494,3.000276,0.001998,-6.500000,3.000000,0.000000,-6.500093,3.000000,0.000000
15,-0.000000,0.000000,10.000000,0.004004,16896.000000,37.468352,-6.497435,3.000310,0.002116,-6.500000,3.000000,0.000000,-6.500093,3.000000,0.000000
15,-0.000000,0.000000,9.000000,0.003689,16995.000000,34.585851,-6.497334,3.000260,0.001999,-6.500000,3.000000,0.000000,-6.500093,3.000000,0.000000
15,-0.000000,0.000000,10.000000,0.004059,16907.000000,39.433317,-6.497260,3.000216,0.002133,-6.500000,3.000000,0.000000,-6.500093,3.000000,0.000000
15,-0.000000,0.000000,10.000000,0.004092,16918.000000,36.103691,-6.497313,3.000253,0.001936,-6.500000,3.000000,0.000000,-6.500093,3.000000,0.000000
15,-0.000000,0.000000,10.000000,0.004005,16918.000000,35.522138,-6.496996,3.000278,0.001787,-6.500000,3.000000,0.000000,-6.500093,3.000000,0.000000
15,-0.000000,0.000000,10.000000,0.004049,16852.000000,34.376972,-6.496732,3.000271,0.001550,-6.500000,3.000000,0.000000,-6.500093,3.000000,0.000000
15,-0.000000,0.000000,9.000000,0.003506,16819.000000,34.815252,-6.496642,3.000139,0.001486,-6.500000,3.000000,0.000000,-6.500093,3.000000,0.000000
15,-0.000000,0.000000,9.000000,0.003677,16863.000000,35.397627,-6.496653,3.000061,0.001623,-6.500000,3.000000,0.000000,-6.500093,3.000000,0.000000
15,-0.000000,0.000000,9.000000,0.003763,16819.000000,34.414933,-6.496654,3.000088,0.001615,-6.500000,3.000000,0.000000,-6.500093,3.000000,0.000000
15,-0.000000,0.000000,10.000000,0.004066,16951.000000,34.178068,-6.496536,3.000101,0.001546,-6.500000,3.000000,0.000000,-6.500093,3.000000,0.000000
15,-0.000000,0.000000,10.000000,0.003905,16918.000000,32.552436,-6.496456,3.000064,0.001359,-6.500000,3.000000,0.000000,-6.500093,3.000000,0.000000
15,-0.000000,0.000000,10.000000,0.004164,16962.000000,32.727203,-6.496434,3.000111,0.001240,-6.500000,3.000000,0.000000,-6.500093,3.000000,0.000000
15,-0.000000,0.000000,9.000000,0.003877,16775.000000,33.666675,-6.496267,2.999985,0.001098,-6.500000,3.000000,0.000000,-6.500093,3.000000,0.000000
15,-0.000000,0.000000,10.000000,0.004272,16885.000000,34.918592,-6.496281,2.999945,0.001104,-6.500000,3.000000,0.000000,-6.500093,3.000000,0.000000
15,-0.000000,0.000000,10.000000,0.004124,16786.000000,36.318280,-6.495959,2.999944,0.000926,-6.500000,3.000000,0.000000,-6.500093,3.000000,0.000000
15,-0.000000,0.000000,9.000000,0.003746,16929.000000,32.593454,-6.495962,2.999775,0.000867,-6.500000,3.000000,0.000000,-6.500093,3.000000,0.000000
15,-0.000000,0.000000,10.000000,0.003913,17094.000000,33.063366,-6.495992,2.999689,0.001006,-6.500000,3.000000,0.000000,-6.500093,3.000000,0.000000
15,-0.000000,0.000000,10.000000,0.004061,16885.000000,33.178008,-6.495749,2.999772,0.000890,-6.500000,3.000000,0.000000,-6.500093,3.000000,0.000000
15,-0.000000,0.000000,10.000000,0.004083,16863.000000,32.079137,-6.495829,2.999782,0.000798,-6.500000,3.000000,0.000000,-6.500093,3.000000,0.000000
15,-0.000000,0.000000,10.000000,0.003975,16896.000000,31.472626,-6.495834,2.999695,0.000715,-6.500000,3.000000,0.000000,-6.500093,3.000000,0.000000
15,-0.000000,0.000000,10.000000,0.004001,17050.000000,33.890181,-6.495626,2.999558,0.000636,-6.500000,3.000000,0.000000,-6.500093,3.000000,0.000000
15,-0.000000,0.000000,9.000000,0.003576,16841.000000,32.913998,-6.495669,2.999421,0.000570,-6.500000,3.000000,0.000000,-6.500093,3.000000,0.000000
15,-0.000000,0.000000,10.000000,0.003884,16885.000000,32.734775,-6.495826,2.999272,0.000673,-6.500000,3.000000,0.000000,-6.500093,3.000000,0.000000
15,-0.000000,0.000000,9.000000,0.003693,16973.000000,32.353977,-6.495590,2.999479,0.000495,-6.500000,3.000000,0.000000,-6.500093,3.000000,0.000000
15,-0.000000,0.000000,10.000000,0.004020,16786.000000,31.874942,-6.495543,2.999406,0.000614,-6.500000,3.000000,0.000000,-6.500093,3.000000,0.000000
15,-0.000000,0.000000,10.000000,0.004046,16863.000000,32.556387,-6.495616,2.999468,0.000509,-6.500000,3.000000,0.000000,-6.500093,3.000000,0.000000
15,-0.000000,0.000000,9.000000,0.003657,16830.000000,32.348020,-6.495477,2.999410,0.000490,-6.500000,3.000000,0.000000,-6.500093,3.000000,0.000000
15,-0.000000,0.000000,10.000000,0.004020,16940.000000,33.213011,-6.495509,2.999341,0.000495,-6.500000,3.000000,0.000000,-6.500093,3.000000,0.000000
15,-0.000000,0.000000,10.000000,0.003972,16907.000000,32.325787,-6.495462,2.999320,0.000334,-6.500000,3.000000,0.000000,-6.500093,3.000000,0.000000
15,-0.000000,0.000000,10.000000,0.004047,16885.000000,32.566007,-6.495497,2.999278,0.000243,-6.500000,3.000000,0.000000,-6.500093,3.000000,0.000000
15,-0.000000,0.000000,9.000000,0.003735,16775.000000,33.540984,-6.495392,2.999234,0.000257,-6.500000,3.000000,0.000000,-6.500093,3.000000,0.000000
15,-0.000000,0.000000,10.000000,0.003933,16973.000000,34.299501,-6.495367,2.999196,0.000311,-6.500000,3.000000,0.000000,-6.500093,3.000000,0.000000
15,-0.000000,0.000000,9.000000,0.003693,16874.000000,31.851990,-6.495510,2.999145,0.000255,-6.500000,3.000000,0.000000,-6.500093,3.000000,0.000000
15,-0.000000,0.000000,10.000000,0.004286,16841.000000,32.693293,-6.495585,2.999130,0.000263,-6.500000,3.000000,0.000000,-6.500093,3.000000,0.000000
15,-0.000000,0.000000,10.000000,0.003951,16775.000000,31.032230,-6.495574,2.999062,0.000236,-6.500000,3.000000,0.000000,-6.500093,3.000000,0.000000
15,-0.000000,0.000000,9.000000,0.003581,16841.000000,31.339156,-6.495562,2.999046,0.000175,-6.500000,3.000000,0.000000,-6.500093,3.000000,0.000000
15,-0.000000,0.000000,10.000000,0.003970,16896.000000,32.029893,-6.495642,2.999322,0.000232,-6.500000,3.000000,0.000000,-6.500093,3.000000,0.000000
15,-0.000000,0.000000,9.000000,0.003693,16973.000000,32.934222,-6.495381,2.999340,0.000135,-6.500000,3.000000,0.000000,-6.500093,3.000000,0.000000
15,-0.000000,0.000000,10.000000,0.004007,16896.000000,33.611719,-6.495339,2.999347,0.000164,-6.500000,3.000000,0.000000,-6.500093,3.000000,0.000000
15,-0.000000,0.000000,9.000000,0.003737,16819.000000,32.112115,-6.495476,2.999323,0.000125,-6.500000,3.000000,0.000000,-6.500093,3.000000,0.000000
15,-0.000000,0.000000,10.000000,0.003958,16841.000000,31.914374,-6.495484,2.999216,0.000176,-6.500000,3.000000,0.000000,-6.500093,3.000000,0.000000
15,-0.000000,0.000000,10.000000,0.004178,16918.000000,32.615782,-6.495315,2.999165,0.000175,-6.500000,3.000000,0.000000,-6.500093,3.000000,0.000000
15,-0.000000,0.000000,9.000000,0.003593,16995.000000,33.499424,-6.495296,2.999024,0.000162,-6.500000,3.000000,0.000000,-6.500093,3.000000,0.000000
15,-0.000000,0.000000,10.000000,0.004187,16907.000000,32.799968,-6.495465,2.998942,0.000126,-6.500000,3.000000,0.000000,-6.500093,3.000000,0.000000
15,-0.000000,0.000000,10.000000,0.004150,16841.000000,32.899367,-6.495375,2.998990,0.000068,-6.500000,3.000000,0.000000,-6.500093,3.000000,0.000000
15,-0.000000,0.000000,9.000000,0.003887,16885.000000,32.332399,-6.495303,2.998913,0.000048,-6.500000,3.000000,0.000000,-6.500093,3.000000,0.000000
15,-0.000000,0.000000,10.000000,0.003954,16830.000000,30.400107,-6.495308,2.998946,0.000098,-6.500000,3.000000,0.000000,-6.500093,3.000000,0.000000
15,-0.000000,0.000000,10.000000,0.004149,16940.000000,33.125389,-6.495137,2.998851,0.000032,-6.500000,3.000000,0.000000,-6.500093,3.000000,0.000000
15,-0.000000,0.000000,10.000000,0.004063,16907.000000,32.480222,-6.495082,2.998753,0.000042,-6.500000,3.000000,0.000000,-6.500093,3.000000,0.000000
15,-0.000000,0.000000,10.000000,0.004254,16852.000000,32.477674,-6.495109,2.998709,0.000017,-6.500000,3.000000,0.000000,-6.500093,3.000000,0.000000
15,-0.000000,0.000000,9.000000,0.003572,16863.000000,32.209524,-6.495200,2.998734,-0.000009,-6.500000,3.000000,0.000000,-6.500093,3.000000,0.000000
15,-0.000000,0.000000,10.000000,0.004112,16863.000000,32.446968,-6.495433,2.998790,0.000037,-6.500000,3.000000,0.000000,-6.500093,3.000000,0.000000
15,-0.000000,0.000000,9.000000,0.003637,16819.000000,32.955533,-6.495416,2.998743,0.000010,-6.500000,3.000000,0.000000,-6.500093,3.000000,0.000000
15,-0.000000,0.000000,10.000000,0.003957,16984.000000,29.930237,-6.495418,2.998582,0.000135,-6.500000,3.000000,0.000000,-6.500093,3.000000,0.000000
15,-0.000000,0.000000,9.000000,0.003656,16841.000000,31.854722,-6.495341,2.998607,0.000060,-6.500000,3.000000,0.000000,-6.500093,3.000000,0.000000
15,-0.000000,0.000000,9.000000,0.003662,16896.000000,32.239322,-6.495377,2.998465,0.000015,-6.500000,3.000000,0.000000,-6.500093,3.000000,0.000000
15,-0.000000,0.000000,10.000000,0.003916,16995.000000,31.957384,-6.495393,2.998454,-0.000025,-6.500000,3.000000,0.000000,-6.500093,3.000000,0.000000
15,-0.000000,0.000000,8.000000,0.003353,16786.000000,31.916194,-6.495428,2.998473,-0.000132,-6.500000,3.000000,0.000000,-6.500093,3.000000,0.000000
15,-0.000000,0.000000,10.000000,0.004200,16852.000000,34.045601,-6.495522,2.998436,0.000044,-6.500000,3.000000,0.000000,-6.500093,3.000000,0.000000
15,-0.000000,0.000000,10.000000,0.003917,16841.000000,32.812233,-6.495260,2.998329,-0.000023,-6.500000,3.000000,0.000000,-6.500093,3.000000,0.000000
15,-0.000000,0.000000,9.000000,0.003589,16907.000000,30.550321,-6.495330,2.998235,-0.000083,-6.500000,3.000000,0.000000,-6.500093,3.000000,0.000000
15,-0.000000,0.000000,10.000000,0.003954,16962.000000,32.238092,-6.495383,2.998371,-0.000122,-6.500000,3.000000,0.000000,-6.500093,3.000000,0.000000
15,-0.000000,0.000000,10.000000,0.003937,16940.000000,33.873668,-6.495479,2.998390,-0.000178,-6.500000,3.000000,0.000000,-6.500093,3.000000,0.000000
15,-0.000000,0.000000,9.000000,0.003688,16874.000000,32.689380,-6.495438,2.998322,-0.000142,-6.500000,3.000000,0.000000,-6.500093,3.000000,0.000000
15,-0.000000,0.000000,10.000000,0.003903,16808.000000,35.677646,-6.495356,2.998378,-0.000097,-6.500000,3.000000,0.000000,-6.500093,3.000000,0.000000
15,-0.000000,0.000000,10.000000,0.004171,16808.000000,31.093270,-6.495528,2.998274,-0.000144,-6.500000,3.000000,0.000000,-6.500093,3.000000,0.000000
15,-0.000000,0.000000,10.000000,0.004132,16896.000000,32.167708,-6.495419,2.998205,-0.000259,-6.500000,3.000000,0.000000,-6.500093,3.000000,0.000000
15,-0.000000,0.000000,9.000000,0.003694,16731.000000,31.931960,-6.495479,2.998186,-0.000315,-6.500000,3.000000,0.000000,-6.500093,3.000000,0.000000
15,-0.000000,0.000000,9.000000,0.003847,16962.000000,32.417562,-6.495415,2.998211,-0.000299,-6.500000,3.000000,0.000000,-6.500093,3.000000,0.000000
15,-0.000000,0.000000,10.000000,0.004045,16918.000000,32.395633,-6.495332,2.998144,-0.000260,-6.500000,3.000000,0.000000,-6.500093,3.000000,0.000000
15,-0.000000,0.000000,9.000000,0.003602,16918.000000,31.645346,-6.495220,2.998141,-0.000221,-6.500000,3.000000,0.000000,-6.500093,3.000000,0.000000
15,-0.000000,0.000000,9.000000,0.003579,16962.000000,32.012389,-6.495290,2.998310,-0.000159,-6.500000,3.000000,0.000000,-6.500093,3.000000,0.000000
15,-0.000000,0.000000,10.000000,0.004097,16907.000000,32.787942,-6.495333,2.998265,-0.000165,-6.500000,3.000000,0.000000,-6.500093,3.000000,0.000000
15,-0.000000,0.000000,10.000000,0.004140,16830.000000,32.631338,-6.495164,2.998444,-0.000221,-6.500000,3.000000,0.000000,-6.500093,3.000000,0.000000
15,-0.000000,0.000000,10.000000,0.003875,16885.000000,32.395210,-6.495313,2.998452,-0.000281,-6.500000,3.000000,0.000000,-6.500093,3.000000,0.000000
15,-0.000000,0.000000,9.000000,0.003582,16819.000000,33.571486,-6.495286,2.998531,-0.000355,-6.500000,3.000000,0.000000,-6.500093,3.000000,0.000000
15,-0.000000,0.000000,8.000000,0.003241,16918.000000,29.583752,-6.495409,2.998507,-0.000305,-6.500000,3.000000,0.000000,-6.500093,3.000000,0.000000
15,-0.000000,0.000000,10.000000,0.003825,16918.000000,31.798959,-6.495363,2.998424,-0.000188,-6.500000,3.000000,0.000000,-6.500093,3.000000,0.000000
15,-0.000000,0.000000,10.000000,0.003965,16841.000000,33.537931,-6.495440,2.998480,-0.000291,-6.500000,3.000000,0.000000,-6.500093,3.000000,0.000000
15,-0.000000,0.000000,10.000000,0.003870,16896.000000,31.785092,-6.495249,2.998427,-0.000371,-6.500000,3.000000,0.000000,-6.500093,3.000000,0.000000
15,-0.000000,0.000000,10.000000,0.003964,16885.000000,32.637242,-6.495290,2.998591,-0.000525,-6.500000,3.000000,0.000000,-6.500093,3.000000,0.000000
15,-0.000000,0.000000,9.000000,0.003561,16940.000000,33.303603,-6.495297,2.998557,-0.000500,-6.500000,3.000000,0.000000,-6.500093,3.000000,0.000000
15,-0.000000,0.000000,9.000000,0.003672,16896.000000,32.529074,-6.495441,2.998591,-0.000569,-6.500000,3.000000,0.000000,-6.500093,3.000000,0.000000
15,-0.000000,0.000000,10.000000,0.004010,16808.000000,31.988960,-6.495432,2.998464,-0.000423,-6.500000,3.000000,0.000000,-6.500093,3.000000,0.000000
15,-0.000000,0.000000,10.000000,0.003983,16896.000000,30.670661,-6.495343,2.998438,-0.000431,-6.500000,3.000000,0.000000,-6.500093,3.000000,0.000000
15,-0.000000,0.000000,10.000000,0.003977,16775.000000,33.170814,-6.495496,2.998441,-0.000399,-6.500000,3.000000,0.000000,-6.500093,3.000000,0.000000
15,-0.000000,0.000000,10.000000,0.004001,16907.000000,32.534662,-6.495444,2.998392,-0.000379,-6.500000,3.000000,0.000000,-6.500093,3.000000,0.000000
15,-0.000000,0.000000,10.000000,0.004143,16863.000000,32.333932,-6.495564,2.998457,-0.000404,-6.500000,3.000000,0.000000,-6.500093,3.000000,0.000000
15,-0.000000,0.000000,9.000000,0.003634,16797.000000,32.832979,-6.495536,2.998389,-0.000428,-6.500000,3.000000,0.000000,-6.500093,3.000000,0.000000
15,-0.000000,0.000000,10.000000,0.004027,16819.000000,31.278878,-6.495459,2.998241,-0.000373,-6.500000,3.000000,0.000000,-6.500093,3.000000,0.000000
15,-0.000000,0.000000,10.000000,0.004173,17094.000000,33.473363,-6.495500,2.998179,-0.000377,-6.500000,3.000000,0.000000,-6.500093,3.000000,0.000000
15,-0.000000,0.000000,10.000000,0.004129,16786.000000,32.529298,-6.495465,2.997909,-0.000435,-6.500000,3.000000,0.000000,-6.500093,3.000000,0.000000
15,-0.000000,0.000000,8.000000,0.003313,16940.000000,32.316200,-6.495304,2.997914,-0.000449,-6.500000,3.000000,0.000000,-6.500093,3.000000,0.000000
15,-0.000000,0.000000,9.000000,0.003542,16819.000000,31.965849,-6.495307,2.998029,-0.000383,-6.500000,3.000000,0.000000,-6.500093,3.000000,0.000000
15,-0.000000,0.000000,10.000000,0.004017,16929.000000,33.323778,-6.495335,2.998027,-0.000345,-6.500000,3.000000,0.000000,-6.500093,3.000000,0.000000
15,-0.000000,0.000000,9.000000,0.003431,16874.000000,33.123917,-6.495094,2.998162,-0.000446,-6.500000,3.000000,0.000000,-6.500093,3.000000,0.000000
15,-0.000000,0.000000,10.000000,0.003956,16819.000000,32.370649,-6.494971,2.998180,-0.000499,-6.500000,3.000000,0.000000,-6.500093,3.000000,0.000000
15,-0.000000,0.000000,10.000000,0.004156,16764.000000,33.631223,-6.495031,2.998221,-0.000460,-6.500000,3.000000,0.000000,-6.500093,3.000000,0.000000
15,-0.000000,0.000000,9.000000,0.003879,16863.000000,32.945242,-6.494904,2.998248,-0.000537,-6.500000,3.000000,0.000000,-6.500093,3.000000,0.000000
15,-0.000000,0.000000,10.000000,0.003963,16962.000000,32.479456,-6.494868,2.998178,-0.000462,-6.500000,3.000000,0.000000,-6.500093,3.000000,0.000000
15,-0.000000,0.000000,9.000000,0.003691,16885.000000,32.563519,-6.494882,2.998219,-0.000537,-6.500000,3.000000,0.000000,-6.500093,3.000000,0.000000
15,-0.000000,0.000000,9.000000,0.003587,16907.000000,32.866386,-6.494971,2.998139,-0.000443,-6.500000,3.000000,0.000000,-6.500093,3.000000,0.000000
15,-0.000000,0.000000,9.000000,0.003512,16995.000000,32.378720,-6.495064,2.998098,-0.000360,-6.500000,3.000000,0.000000,-6.500093,3.000000,0.000000
15,-0.000000,0.000000,10.000000,0.004090,16896.000000,31.945571,-6.495182,2.998090,-0.000362,-6.500000,3.000000,0.000000,-6.500093,3.000000,0.000000
15,-0.000000,0.000000,9.000000,0.003607,16819.000000,32.563791,-6.495087,2.998135,-0.000351,-6.500000,3.000000,0.000000,-6.500093,3.000000,0.000000
15,-0.000000,0.000000,9.000000,0.003606,16819.000000,32.643996,-6.495000,2.998122,-0.000427,-6.500000,3.000000,0.000000,-6.500093,3.000000,0.000000
15,-0.000000,0.000000,10.000000,0.004107,16874.000000,31.929343,-6.494994,2.998131,-0.000400,-6.500000,3.000000,0.000000,-6.500093,3.000000,0.000000
15,-0.000000,0.000000,10.000000,0.003995,16951.000000,29.833879,-6.494897,2.998071,-0.000412,-6.500000,3.000000,0.000000,-6.500093,3.000000,0.000000
15,-0.000000,0.000000,9.000000,0.003571,16819.000000,32.682294,-6.494741,2.998003,-0.000376,-6.500000,3.000000,0.000000,-6.500093,3.000000,0.000000
15,-0.000000,0.000000,9.000000,0.003718,16819.000000,32.237621,-6.494670,2.997911,-0.000327,-6.500000,3.000000,0.000000,-6.500093,3.000000,0.000000
15,-0.000000,0.000000,10.000000,0.004036,16863.000000,32.205310,-6.494871,2.997992,-0.000295,-6.500000,3.000000,0.000000,-6.500093,3.000000,0.000000
15,-0.000000,0.000000,9.000000,0.003593,16885.000000,32.873508,-6.494920,2.998053,-0.000324,-6.500000,3.000000,0.000000,-6.500093,3.000000,0.000000
15,-0.000000,0.000000,10.000000,0.003923,16885.000000,32.737389,-6.495008,2.998013,-0.000206,-6.500000,3.000000,0.000000,-6.500093,3.000000,0.000000
15,-0.000000,0.000000,10.000000,0.004003,16896.000000,31.831020,-6.495057,2.998048,-0.000269,-6.500000,3.000000,0.000000,-6.500093,3.000000,0.000000
15,-0.000000,0.000000,10.000000,0.003922,16940.000000,32.404483,-6.495217,2.997855,-0.000264,-6.500000,3.000000,0.000000,-6.500093,3.000000,0.000000
15,-0.000000,0.000000,8.000000,0.003443,16753.000000,32.372012,-6.495496,2.997950,-0.000353,-6.500000,3.000000,0.000000,-6.500093,3.000000,0.000000
15,-0.000000,0.000000,10.000000,0.004052,16918.000000,33.962921,-6.495620,2.997889,-0.000293,-6.500000,3.000000,0.000000,-6.500093,3.000000,0.000000
15,-0.000000,0.000000,10.000000,0.003993,16918.000000,30.863213,-6.495410,2.997997,-0.000265,-6.500000,3.000000,0.000000,-6.500093,3.000000,0.000000
15,-0.000000,0.000000,9.000000,0.003397,16885.000000,32.396062,-6.495504,2.997953,-0.000440,-6.500000,3.000000,0.000000,-6.500093,3.000000,0.000000
15,-0.000000,0.000000,9.000000,0.003729,16918.000000,31.961286,-6.495643,2.998050,-0.000550,-6.500000,3.000000,0.000000,-6.500093,3.000000,0.000000
15,-0.000000,0.000000,9.000000,0.003525,16896.000000,31.761617,-6.495750,2.998083,-0.000510,-6.500000,3.000000,0.000000,-6.500093,3.000000,0.000000
15,-0.000000,0.000000,10.000000,0.003911,16940.000000,34.270799,-6.495799,2.998136,-0.000408,-6.500000,3.000000,0.000000,-6.500093,3.000000,0.000000
15,-0.000000,0.000000,10.000000,0.004046,16929.000000,33.632106,-6.495727,2.998214,-0.000462,-6.500000,3.000000,0.000000,-6.500093,3.000000,0.000000
15,-0.000000,0.000000,10.000000,0.003962,16962.000000,32.187262,-6.495522,2.998299,-0.000504,-6.500000,3.000000,0.000000,-6.500093,3.000000,0.000000
15,-0.000000,0.000000,9.000000,0.003587,16907.000000,32.882955,-6.495596,2.998202,-0.000497,-6.500000,3.000000,0.000000,-6.500093,3.000000,0.000000
15,-0.000000,0.000000,9.000000,0.003680,16808.000000,29.746808,-6.495714,2.998156,-0.000521,-6.500000,3.000000,0.000000,-6.500093,3.000000,0.000000
15,-0.000000,0.000000,9.000000,0.003723,16797.000000,32.136248,-6.495675,2.998178,-0.000611,-6.500000,3.000000,0.000000,-6.500093,3.000000,0.000000
15,-0.000000,0.000000,9.000000,0.003687,16995.000000,33.346483,-6.495668,2.998036,-0.000550,-6.500000,3.000000,0.000000,-6.500093,3.000000,0.000000
15,-0.000000,0.000000,10.000000,0.004000,16874.000000,30.954693,-6.495549,2.998023,-0.000486,-6.500000,3.000000,0.000000,-6.500093,3.000000,0.000000
15,-0.000000,0.000000,10.000000,0.004134,16764.000000,32.229374,-6.495699,2.997966,-0.000541,-6.500000,3.000000,0.000000,-6.500093,3.000000,0.000000
15,-0.000000,0.000000,10.000000,0.004074,16907.000000,32.433188,-6.495617,2.997868,-0.000611,-6.500000,3.000000,0.000000,-6.500093,3.000000,0.000000
15,-0.000000,0.000000,9.000000,0.003488,16885.000000,32.310135,-6.495638,2.998105,-0.000772,-6.500000,3.000000,0.000000,-6.500093,3.000000,0.000000
15,-0.000000,0.000000,10.000000,0.004045,16896.000000,32.400885,-6.495800,2.997966,-0.000677,-6.500000,3.000000,0.000000,-6.500093,3.000000,0.000000
15,-0.000000,0.000000,10.000000,0.004329,16830.000000,30.561637,-6.495876,2.998025,-0.000673,-6.500000,3.000000,0.000000,-6.500093,3.000000,0.000000
15,-0.000000,0.000000,9.000000,0.003782,16852.000000,33.019127,-6.495911,2.998037,-0.000642,-6.500000,3.000000,0.000000,-6.500093,3.000000,0.000000
15,-0.000000,0.000000,10.000000,0.004194,16918.000000,30.872430,-6.495953,2.998130,-0.000690,-6.500000,3.000000,0.000000,-6.500093,3.000000,0.000000
15,-0.000000,0.000000,9.000000,0.003429,16786.000000,32.455174,-6.495896,2.998142,-0.000691,-6.500000,3.000000,0.000000,-6.500093,3.000000,0.000000
15,-0.000000,0.000000,10.000000,0.003991,16874.000000,32.816610,-6.495742,2.998111,-0.000602,-6.500000,3.000000,0.000000,-6.500093,3.000000,0.000000
15,-0.000000,0.000000,9.000000,0.003725,16929.000000,32.995801,-6.495968,2.998089,-0.000636,-6.500000,3.000000,0.000000,-6.500093,3.000000,0.000000
15,-0.000000,0.000000,9.000000,0.003623,16918.000000,32.652209,-6.495901,2.998040,-0.000563,-6.500000,3.000000,0.000000,-6.500093,3.000000,0.000000
15,-0.000000,0.000000,9.000000,0.003464,16874.000000,32.623081,-6.495992,2.998036,-0.000495,-6.500000,3.000000,0.000000,-6.500093,3.000000,0.000000
15,-0.000000,0.000000,9.000000,0.003612,16907.000000,31.588603,-6.496013,2.998092,-0.000524,-6.500000,3.000000,0.000000,-6.500093,3.000000,0.000000
15,-0.000000,0.000000,9.000000,0.003790,16896.000000,32.600720,-6.495970,2.998114,-0.000521,-6.500000,3.000000,0.000000,-6.500093,3.000000,0.000000
15,-0.000000,0.000000,10.000000,0.004004,16742.000000,32.840867,-6.495979,2.998083,-0.000428,-6.500000,3.000000,0.000000,-6.500093,3.000000,0.000000
15,-0.000000,0.000000,9.000000,0.003525,16973.000000,32.727338,-6.496124,2.997862,-0.000349,-6.500000,3.000000,0.000000,-6.500093,3.000000,0.000000
15,-0.000000,0.000000,10.000000,0.004166,16940.000000,31.328047,-6.496106,2.997840,-0.000348,-6.500000,3.000000,0.000000,-6.500093,3.000000,0.000000
15,-0.000000,0.000000,10.000000,0.003944,16973.000000,32.580009,-6.496034,2.997727,-0.000339,-6.500000,3.000000,0.000000,-6.500093,3.000000,0.000000
15,-0.000000,0.000000,10.000000,0.003996,16962.000000,32.546136,-6.495835,2.997755,-0.000329,-6.500000,3.000000,0.000000,-6.500093,3.000000,0.000000
15,-0.000000,0.000000,10.000000,0.004042,16929.000000,34.039568,-6.495834,2.997682,-0.000400,-6.500000,3.000000,0.000000,-6.500093,3.000000,0.000000
15,-0.000000,0.000000,10.000000,0.004161,16951.000000,32.467078,-6.495818,2.997694,-0.000376,-6.500000,3.000000,0.000000,-6.500093,3.000000,0.000000
15,-0.000000,0.000000,9.000000,0.003493,16885.000000,31.458080,-6.495696,2.997722,-0.000430,-6.500000,3.000000,0.000000,-6.500093,3.000000,0.000000
15,-0.000000,0.000000,9.000000,0.003561,16808.000000,32.268220,-6.495843,2.997677,-0.000349,-6.500000,3.000000,0.000000,-6.500093,3.000000,0.000000
15,-0.000000,0.000000,10.000000,0.003913,16863.000000,31.858173,-6.495797,2.997630,-0.000323,-6.500000,3.000000,0.000000,-6.500093,3.000000,0.000000
15,-0.000000,0.000000,10.000000,0.004005,17028.000000,33.042198,-6.495739,2.997515,-0.000330,-6.500000,3.000000,0.000000,-6.500093,3.000000,0.000000
15,-0.000000,0.000000,10.000000,0.004161,16918.000000,31.841027,-6.495644,2.997396,-0.000286,-6.500000,3.000000,0.000000,-6.500093,3.000000,0.000000
15,-0.000000,0.000000,9.000000,0.003726,16929.000000,33.090119,-6.495669,2.997425,-0.000279,-6.500000,3.000000,0.000000,-6.500093,3.000000,0.000000
15,-0.000000,0.000000,10.000000,0.004071,16830.000000,32.068199,-6.495681,2.997530,-0.000309,-6.500000,3.000000,0.000000,-6.500093,3.000000,0.000000
15,-0.000000,0.000000,10.000000,0.004144,16841.000000,32.786090,-6.495709,2.997546,-0.000394,-6.500000,3.000000,0.000000,-6.500093,3.000000,0.000000
15,-0.000000,0.000000,9.000000,0.003544,16962.000000,32.825112,-6.495487,2.997522,-0.000381,-6.500000,3.000000,0.000000,-6.500093,3.000000,0.000000
15,-0.000000,0.000000,10.000000,0.004102,16874.000000,31.566872,-6.495499,2.997599,-0.000386,-6.500000,3.000000,0.000000,-6.500093,3.000000,0.000000
15,-0.000000,0.000000,9.000000,0.003457,16962.000000,33.273142,-6.495517,2.997551,-0.000399,-6.500000,3.000000,0.000000,-6.500093,3.000000,0.000000
15,-0.000000,0.000000,9.000000,0.003544,16830.000000,31.691919,-6.495449,2.997606,-0.000371,-6.500000,3.000000,0.000000,-6.500093,3.000000,0.000000
15,-0.000000,0.000000,10.000000,0.004102,16885.000000,36.609622,-6.495563,2.997640,-0.000431,-6.500000,3.000000,0.000000,-6.500093,3.000000,0.000000
15,-0.000000,0.000000,9.000000,0.003510,16863.000000,32.536473,-6.495616,2.997476,-0.000446,-6.500000,3.000000,0.000000,-6.500093,3.000000,0.000000
15,-0.000000,0.000000,9.000000,0.003948,16753.000000,31.924743,-6.495741,2.997593,-0.000474,-6.500000,3.000000,0.000000,-6.500093,3.000000,0.000000
15,-0.000000,0.000000,10.000000,0.003930,16852.000000,32.314929,-6.495859,2.997645,-0.000484,-6.500000,3.000000,0.000000,-6.500093,3.000000,0.000000
15,-0.000000,0.000000,10.000000,0.003995,16918.000000,32.374983,-6.495758,2.997588,-0.000525,-6.500000,3.000000,0.000000,-6.500093,3.000000,0.000000
15,-0.000000,0.000000,10.000000,0.004133,16852.000000,32.376472,-6.495615,2.997633,-0.000528,-6.500000,3.000000,0.000000,-6.500093,3.000000,0.000000
15,-0.000000,0.000000,10.000000,0.004102,16764.000000,32.380206,-6.495765,2.997594,-0.000582,-6.500000,3.000000,0.000000,-6.500093,3.000000,0.000000
15,-0.000000,0.000000,9.000000,0.003548,16874.000000,34.083726,-6.495671,2.997727,-0.000617,-6.500000,3.000000,0.000000,-6.500093,3.000000,0.000000
15,-0.000000,0.000000,9.000000,0.003577,16907.000000,33.395340,-6.495843,2.997809,-0.000640,-6.500000,3.000000,0.000000,-6.500093,3.000000,0.000000
15,-0.000000,0.000000,9.000000,0.003817,16841.000000,32.134527,-6.495749,2.997734,-0.000600,-6.500000,3.000000,0.000000,-6.500093,3.000000,0.000000
15,-0.000000,0.000000,9.000000,0.003668,16951.000000,32.359249,-6.495909,2.997755,-0.000506,-6.500000,3.000000,0.000000,-6.500093,3.000000,0.000000
15,-0.000000,0.000000,9.000000,0.003586,16863.000000,31.833635,-6.495842,2.997697,-0.000518,-6.500000,3.000000,0.000000,-6.500093,3.000000,0.000000
15,-0.000000,0.000000,10.000000,0.004023,16797.000000,32.294909,-6.495735,2.997635,-0.000423,-6.500000,3.000000,0.000000,-6.500093,3.000000,0.000000
15,-0.000000,0.000000,9.000000,0.003621,16841.000000,31.155620,-6.495838,2.997631,-0.000376,-6.500000,3.000000,0.000000,-6.500093,3.000000,0.000000
15,-0.000000,0.000000,9.000000,0.003705,16995.000000,31.907344,-6.495953,2.997553,-0.000316,-6.500000,3.000000,0.000000,-6.500093,3.000000,0.000000
15,-0.000000,0.000000,9.000000,0.003815,16929.000000,31.268176,-6.495817,2.997494,-0.000274,-6.500000,3.000000,0.000000,-6.500093,3.000000,0.000000
15,-0.000000,0.000000,10.000000,0.004086,16841.000000,31.486081,-6.495910,2.997517,-0.000251,-6.500000,3.000000,0.000000,-6.500093,3.000000,0.000000
15,-0.000000,0.000000,9.000000,0.003633,17017.000000,32.323152,-6.495834,2.997563,-0.000259,-6.500000,3.000000,0.000000,-6.500093,3.000000,0.000000
15,-0.000000,0.000000,9.000000,0.003553,16808.000000,32.972845,-6.495774,2.997478,-0.000179,-6.500000,3.000000,0.000000,-6.500093,3.000000,0.000000
15,-0.000000,0.000000,10.000000,0.004115,16874.000000,31.532991,-6.495564,2.997445,-0.000183,-6.500000,3.000000,0.000000,-6.500093,3.000000,0.000000
15,-0.000000,0.000000,9.000000,0.003657,16841.000000,32.676133,-6.495523,2.997459,-0.000193,-6.500000,3.000000,0.000000,-6.500093,3.000000,0.000000
15,-0.000000,0.000000,9.000000,0.003533,16841.000000,32.341720,-6.495496,2.997412,-0.000219,-6.500000,3.000000,0.000000,-6.500093,3.000000,0.000000
15,-0.000000,0.000000,9.000000,0.003726,16918.000000,31.747107,-6.495585,2.997506,-0.000306,-6.500000,3.000000,0.000000,-6.500093,3.000000,0.000000
15,-0.000000,0.000000,10.000000,0.004011,16808.000000,30.979599,-6.495542,2.997529,-0.000300,-6.500000,3.000000,0.000000,-6.500093,3.000000,0.000000
15,-0.000000,0.000000,10.000000,0.003959,16907.000000,31.132217,-6.495534,2.997606,-0.000291,-6.500000,3.000000,0.000000,-6.500093,3.000000,0.000000
15,-0.000000,0.000000,10.000000,0.004116,16951.000000,34.070722,-6.495559,2.997466,-0.000283,-6.500000,3.000000,0.000000,-6.500093,3.000000,0.000000
15,-0.000000,0.000000,9.000000,0.003478,16918.000000,33.784881,-6.495424,2.997441,-0.000300,-6.500000,3.000000,0.000000,-6.500093,3.000000,0.000000
15,-0.000000,0.000000,10.000000,0.004151,16841.000000,33.184099,-6.495581,2.997567,-0.000250,-6.500000,3.000000,0.000000,-6.500093,3.000000,0.000000
15,-0.000000,0.000000,10.000000,0.003989,17039.000000,32.425762,-6.495658,2.997442,-0.000363,-6.500000,3.000000,0.000000,-6.500093,3.000000,0.000000
15,-0.000000,0.000000,9.000000,0.003603,16929.000000,33.318581,-6.495695,2.997605,-0.000486,-6.500000,3.000000,0.000000,-6.500093,3.000000,0.000000
15,-0.000000,0.000000,9.000000,0.003775,16720.000000,33.717145,-6.495764,2.997538,-0.000546,-6.500000,3.000000,0.000000,-6.500093,3.000000,0.000000
15,-0.000000,0.000000,9.000000,0.003485,16896.000000,32.620247,-6.495710,2.997538,-0.000505,-6.500000,3.000000,0.000000,-6.500093,3.000000,0.000000
15,-0.000000,0.000000,9.000000,0.003647,16874.000000,32.242221,-6.495569,2.997391,-0.000430,-6.500000,3.000000,0.000000,-6.500093,3.000000,0.000000
15,-0.000000,0.000000,9.000000,0.003581,16852.000000,32.179010,-6.495542,2.997376,-0.000538,-6.500000,3.000000,0.000000,-6.500093,3.000000,0.000000
15,-0.000000,0.000000,9.000000,0.003913,16918.000000,32.711212,-6.495632,2.997426,-0.000482,-6.500000,3.000000,0.000000,-6.500093,3.000000,0.000000
15,-0.000000,0.000000,9.000000,0.003782,16885.000000,33.230866,-6.495630,2.997580,-0.000521,-6.500000,3.000000,0.000000,-6.500093,3.000000,0.000000
15,-0.000000,0.000000,10.000000,0.003952,16918.000000,32.756888,-6.495543,2.997457,-0.000507,-6.500000,3.000000,0.000000,-6.500093,3.000000,0.000000
15,-0.000000,0.000000,10.000000,0.004060,16929.000000,32.325875,-6.495652,2.997639,-0.000536,-6.500000,3.000000,0.000000,-6.500093,3.000000,0.000000
15,-0.000000,0.000000,9.000000,0.003764,16951.000000,32.480856,-6.495535,2.997656,-0.000471,-6.500000,3.000000,0.000000,-6.500093,3.000000,0.000000
15,-0.000000,0.000000,10.000000,0.004013,17017.000000,33.046647,-6.495628,2.997661,-0.000453,-6.500000,3.000000,0.000000,-6.500093,3.000000,0.000000
15,-0.000000,0.000000,9.000000,0.003769,16731.000000,33.040010,-6.495405,2.997711,-0.000450,-6.500000,3.000000,0.000000,-6.500093,3.000000,0.000000
15,-0.000000,0.000000,10.000000,0.004078,16984.000000,32.747678,-6.495317,2.997737,-0.000422,-6.500000,3.000000,0.000000,-6.500093,3.000000,0.000000
15,-0.000000,0.000000,9.000000,0.003748,16962.000000,31.428363,-6.495374,2.997802,-0.000393,-6.500000,3.000000,0.000000,-6.500093,3.000000,0.000000
15,-0.000000,0.000000,8.000000,0.003402,16841.000000,31.200623,-6.495355,2.997666,-0.000383,-6.500000,3.000000,0.000000,-6.500093,3.000000,0.000000
15,-0.000000,0.000000,9.000000,0.003503,16830.000000,32.919480,-6.495381,2.997527,-0.000363,-6.500000,3.000000,0.000000,-6.500093,3.000000,0.000000
15,-0.000000,0.000000,8.000000,0.003307,16962.000000,32.951903,-6.495485,2.997561,-0.000400,-6.500000,3.000000,0.000000,-6.500093,3.000000,0.000000
15,-0.000000,0.000000,10.000000,0.004224,16929.000000,33.197821,-6.495520,2.997572,-0.000324,-6.500000,3.000000,0.000000,-6.500093,3.000000,0.000000
15,-0.000000,0.000000,10.000000,0.003862,16984.000000,32.647040,-6.495451,2.997475,-0.000239,-6.500000,3.000000,0.000000,-6.500093,3.000000,0.000000
15,-0.000000,0.000000,9.000000,0.003680,16951.000000,32.621918,-6.495443,2.997355,-0.000277,-6.500000,3.000000,0.000000,-6.500093,3.000000,0.000000
15,-0.000000,0.000000,9.000000,0.003554,16885.000000,30.805440,-6.495451,2.997260,-0.000327,-6.500000,3.000000,0.000000,-6.500093,3.000000,0.000000
15,-0.000000,0.000000,10.000000,0.004276,16863.000000,33.063150,-6.495479,2.997311,-0.000218,-6.500000,3.000000,0.000000,-6.500093,3.000000,0.000000
15,-0.000000,0.000000,9.000000,0.003639,16775.000000,31.850581,-6.495388,2.997451,-0.000240,-6.500000,3.000000,0.000000,-6.500093,3.000000,0.000000
15,-0.000000,0.000000,9.000000,0.003591,16918.000000,31.433664,-6.495205,2.997495,-0.000226,-6.500000,3.000000,0.000000,-6.500093,3.000000,0.000000
15,-0.000000,0.000000,10.000000,0.003999,16929.000000,32.921096,-6.495068,2.997399,-0.000315,-6.500000,3.000000,0.000000,-6.500093,3.000000,0.000000
15,-0.000000,0.000000,9.000000,0.003616,16885.000000,32.316682,-6.494859,2.997077,-0.000287,-6.500000,3.000000,0.000000,-6.500093,3.000000,0.000000
15,-0.000000,0.000000,10.000000,0.004014,16929.000000,30.970318,-6.494911,2.997005,-0.000326,-6.500000,3.000000,0.000000,-6.500093,3.000000,0.000000
15,-0.000000,0.000000,10.000000,0.004070,16896.000000,32.314399,-6.494834,2.997083,-0.000293,-6.500000,3.000000,0.000000,-6.500093,3.000000,0.000000
15,-0.000000,0.000000,9.000000,0.003743,16775.000000,33.395005,-6.495009,2.997175,-0.000346,-6.500000,3.000000,0.000000,-6.500093,3.000000,0.000000
15,-0.000000,0.000000,10.000000,0.003910,16973.000000,32.312891,-6.495061,2.997287,-0.000343,-6.500000,3.000000,0.000000,-6.500093,3.000000,0.000000
15,-0.000000,0.000000,9.000000,0.003932,16797.000000,33.029921,-6.494997,2.997489,-0.000455,-6.500000,3.000000,0.000000,-6.500093,3.000000,0.000000
15,-0.000000,0.000000,10.000000,0.004028,16929.000000,32.145741,-6.494791,2.997762,-0.000611,-6.500000,3.000000,0.000000,-6.500093,3.000000,0.000000
15,-0.000000,0.000000,10.000000,0.003923,16995.000000,33.695905,-6.494750,2.997563,-0.000611,-6.500000,3.000000,0.000000,-6.500093,3.000000,0.000000
15,-0.000000,0.000000,10.000000,0.004086,16874.000000,33.538813,-6.495072,2.997510,-0.000625,-6.500000,3.000000,0.000000,-6.500093,3.000000,0.000000
15,-0.000000,0.000000,9.000000,0.003704,16830.000000,32.498910,-6.495019,2.997545,-0.000596,-6.500000,3.000000,0.000000,-6.500093,3.000000,0.000000
15,-0.000000,0.000000,9.000000,0.003526,16874.000000,31.884779,-6.495200,2.997545,-0.000597,-6.500000,3.000000,0.000000,-6.500093,3.000000,0.000000
15,-0.000000,0.000000,9.000000,0.003682,16863.000000,32.428621,-6.495248,2.997555,-0.000613,-6.500000,3.000000,0.000000,-6.500093,3.000000,0.000000
15,-0.000000,0.000000,9.000000,0.003491,16962.000000,32.308664,-6.495320,2.997513,-0.000561,-6.500000,3.000000,0.000000,-6.500093,3.000000,0.000000
15,-0.000000,0.000000,10.000000,0.004104,16874.000000,32.161653,-6.495358,2.997517,-0.000565,-6.500000,3.000000,0.000000,-6.500093,3.000000,0.000000
15,-0.000000,0.000000,10.000000,0.004196,16907.000000,31.699668,-6.495301,2.997535,-0.000557,-6.500000,3.000000,0.000000,-6.500093,3.000000,0.000000
15,-0.000000,0.000000,10.000000,0.003980,16874.000000,32.364400,-6.495518,2.997473,-0.000516,-6.500000,3.000000,0.000000,-6.500093,3.000000,0.000000
15,-0.000000,0.000000,9.000000,0.003639,16863.000000,33.098064,-6.495418,2.997412,-0.000509,-6.500000,3.000000,0.000000,-6.500093,3.000000,0.000000
15,-0.000000,0.000000,9.000000,0.003711,16819.000000,32.766802,-6.495216,2.997342,-0.000557,-6.500000,3.000000,0.000000,-6.500093,3.000000,0.000000
15,-0.000000,0.000000,9.000000,0.003824,16863.000000,31.334460,-6.495229,2.997220,-0.000521,-6.500000,3.000000,0.000000,-6.500093,3.000000,0.000000
15,-0.000000,0.000000,10.000000,0.004144,16962.000000,32.521575,-6.495293,2.997164,-0.000518,-6.500000,3.000000,0.000000,-6.500093,3.000000,0.000000
15,-0.000000,0.000000,10.000000,0.004188,16863.000000,32.121978,-6.495160,2.997204,-0.000557,-6.500000,3.000000,0.000000,-6.500093,3.000000,0.000000
15,-0.000000,0.000000,10.000000,0.004177,16874.000000,33.336552,-6.495017,2.997245,-0.000600,-6.500000,3.000000,0.000000,-6.500093,3.000000,0.000000
15,-0.000000,0.000000,10.000000,0.003959,17028.000000,33.088598,-6.495118,2.997226,-0.000643,-6.500000,3.000000,0.000000,-6.500093,3.000000,0.000000
15,-0.000000,0.000000,9.000000,0.003765,16841.000000,33.849732,-6.495137,2.997169,-0.000529,-6.500000,3.000000,0.000000,-6.500093,3.000000,0.000000
15,-0.000000,0.000000,10.000000,0.004210,16830.000000,33.805804,-6.495191,2.997131,-0.000544,-6.500000,3.000000,0.000000,-6.500093,3.000000,0.000000
15,-0.000000,0.000000,9.000000,0.003708,16962.000000,33.352364,-6.495077,2.997306,-0.000638,-6.500000,3.000000,0.000000,-6.500093,3.000000,0.000000
15,-0.000000,0.000000,9.000000,0.003825,16896.000000,33.934137,-6.494817,2.997362,-0.000638,-6.500000,3.000000,0.000000,-6.500093,3.000000,0.000000
15,-0.000000,0.000000,10.000000,0.004166,16830.000000,33.383569,-6.495045,2.997250,-0.000699,-6.500000,3.000000,0.000000,-6.500093,3.000000,0.000000
15,-0.000000,0.000000,9.000000,0.003697,16775.000000,34.136309,-6.494998,2.997300,-0.000751,-6.500000,3.000000,0.000000,-6.500093,3.000000,0.000000
15,-0.000000,0.000000,9.000000,0.003587,16830.000000,32.858573,-6.494784,2.997308,-0.000769,-6.500000,3.000000,0.000000,-6.500093,3.000000,0.000000
15,-0.000000,0.000000,9.000000,0.003645,16797.000000,32.310629,-6.494964,2.997384,-0.000769,-6.500000,3.000000,0.000000,-6.500093,3.000000,0.000000
15,-0.000000,0.000000,10.000000,0.003928,16896.000000,32.676716,-6.494943,2.997420,-0.000760,-6.500000,3.000000,0.000000,-6.500093,3.000000,0.000000
15,-0.000000,0.000000,10.000000,0.004151,16841.000000,32.955360,-6.495019,2.997323,-0.000750,-6.500000,3.000000,0.000000,-6.500093,3.000000,0.000000
15,-0.000000,0.000000,9.000000,0.003796,16819.000000,32.320518,-6.494921,2.997346,-0.000746,-6.500000,3.000000,0.000000,-6.500093,3.000000,0.000000
15,-0.000000,0.000000,10.000000,0.003919,16929.000000,32.418767,-6.494791,2.997514,-0.000749,-6.500000,3.000000,0.000000,-6.500093,3.000000,0.000000
15,-0.000000,0.000000,8.000000,0.003404,16819.000000,31.694345,-6.494890,2.997611,-0.000782,-6.500000,3.000000,0.000000,-6.500093,3.000000,0.000000
15,-0.000000,0.000000,10.000000,0.004039,16885.000000,31.923875,-6.494993,2.997520,-0.000734,-6.500000,3.000000,0.000000,-6.500093,3.000000,0.000000
15,-0.000000,0.000000,9.000000,0.003656,16995.000000,32.482205,-6.494890,2.997550,-0.000734,-6.500000,3.000000,0.000000,-6.500093,3.000000,0.000000
15,-0.000000,0.000000,10.000000,0.004036,16896.000000,32.255283,-6.494799,2.997413,-0.000711,-6.500000,3.000000,0.000000,-6.500093,3.000000,0.000000
15,-0.000000,0.000000,9.000000,0.003640,17028.000000,32.323536,-6.494754,2.997542,-0.000679,-6.500000,3.000000,0.000000,-6.500093,3.000000,0.000000
15,-0.000000,0.000000,10.000000,0.004100,16918.000000,33.031566,-6.494841,2.997557,-0.000631,-6.500000,3.000000,0.000000,-6.500093,3.000000,0.000000
15,-0.000000,0.000000,10.000000,0.003998,16929.000000,33.061572,-6.494673,2.997629,-0.000699,-6.500000,3.000000,0.000000,-6.500093,3.000000,0.000000
15,-0.000000,0.000000,9.000000,0.003729,16819.000000,32.293752,-6.494861,2.997604,-0.000633,-6.500000,3.000000,0.000000,-6.500093,3.000000,0.000000
15,-0.000000,0.000000,9.000000,0.003660,16808.000000,32.869995,-6.494880,2.997558,-0.000593,-6.500000,3.000000,0.000000,-6.500093,3.000000,0.000000
15,-0.000000,0.000000,9.000000,0.003553,16918.000000,32.653134,-6.494695,2.997548,-0.000543,-6.500000,3.000000,0.000000,-6.500093,3.000000,0.000000
15,-0.000000,0.000000,10.000000,0.004119,17006.000000,33.397583,-6.494663,2.997456,-0.000589,-6.500000,3.000000,0.000000,-6.500093,3.000000,0.000000
15,-0.000000,0.000000,10.000000,0.003988,16863.000000,33.073538,-6.494703,2.997332,-0.000593,-6.500000,3.000000,0.000000,-6.500093,3.000000,0.000000
15,-0.000000,0.000000,9.000000,0.003684,16885.000000,35.342602,-6.494887,2.997379,-0.000531,-6.500000,3.000000,0.000000,-6.500093,3.000000,0.000000
15,-0.000000,0.000000,9.000000,0.003687,17116.000000,32.601941,-6.494845,2.997313,-0.000508,-6.500000,3.000000,0.000000,-6.500093,3.000000,0.000000
15,-0.000000,0.000000,10.000000,0.004267,17061.000000,37.921103,-6.495000,2.997344,-0.000495,-6.500000,3.000000,0.000000,-6.500093,3.000000,0.000000
